"","V1","V2"
"1","AAACATACAACCAC-1","Memory CD4 T"
"2","AAACATTGAGCTAC-1","B"
"3","AAACATTGATCAGC-1","Memory CD4 T"
"4","AAACCGTGCTTCCG-1","CD14+ Mono"
"5","AAACCGTGTATGCG-1","NK"
"6","AAACGCACTGGTAC-1","Memory CD4 T"
"7","AAACGCTGACCAGT-1","CD8 T"
"8","AAACGCTGGTTCTT-1","CD8 T"
"9","AAACGCTGTAGCCA-1","CD8 T"
"10","AAACGCTGTTTCTG-1","FCGR3A+ Mono"
"11","AAACTTGAAAAACG-1","B"
"12","AAACTTGATCCAGA-1","Naive CD4 T"
"13","AAAGAGACGAGATA-1","Memory CD4 T"
"14","AAAGAGACGCGAGA-1","CD14+ Mono"
"15","AAAGAGACGGACTT-1","CD8 T"
"16","AAAGAGACGGCATT-1","Naive CD4 T"
"17","AAAGCAGATATCGG-1","CD14+ Mono"
"18","AAAGCCTGTATGCG-1","Memory CD4 T"
"19","AAAGGCCTGTCTAG-1","B"
"20","AAAGTTTGATCACG-1","B"
"21","AAAGTTTGGGGTGA-1","B"
"22","AAAGTTTGTAGAGA-1","Naive CD4 T"
"23","AAAGTTTGTAGCGT-1","CD14+ Mono"
"24","AAATCAACAATGCC-1","B"
"25","AAATCAACACCAGT-1","Naive CD4 T"
"26","AAATCAACCAGGAG-1","Naive CD4 T"
"27","AAATCAACCCTATT-1","FCGR3A+ Mono"
"28","AAATCAACGGAAGC-1","Naive CD4 T"
"29","AAATCAACTCGCAA-1","Memory CD4 T"
"30","AAATCATGACCACA-1","FCGR3A+ Mono"
"31","AAATCCCTCCACAA-1","Naive CD4 T"
"32","AAATCCCTGCTATG-1","B"
"33","AAATGTTGAACGAA-1","CD14+ Mono"
"34","AAATGTTGCCACAA-1","Memory CD4 T"
"35","AAATGTTGTGGCAT-1","CD14+ Mono"
"36","AAATTCGAAGGTTC-1","Naive CD4 T"
"37","AAATTCGAATCACG-1","CD14+ Mono"
"38","AAATTCGAGCTGAT-1","FCGR3A+ Mono"
"39","AAATTCGAGGAGTG-1","Naive CD4 T"
"40","AAATTCGATTCTCA-1","NK"
"41","AAATTGACACGACT-1","CD8 T"
"42","AAATTGACTCGCTC-1","CD8 T"
"43","AACAAACTCATTTC-1","Naive CD4 T"
"44","AACAAACTTTCGTT-1","Naive CD4 T"
"45","AACAATACGACGAG-1","Naive CD4 T"
"46","AACACGTGCAGAGG-1","Memory CD4 T"
"47","AACACGTGGAAAGT-1","Naive CD4 T"
"48","AACACGTGGAACCT-1","CD14+ Mono"
"49","AACACGTGGCTACA-1","Naive CD4 T"
"50","AACACGTGTACGAC-1","FCGR3A+ Mono"
"51","AACAGCACAAGAGT-1","CD14+ Mono"
"52","AACATTGATGGGAG-1","FCGR3A+ Mono"
"53","AACCAGTGATACCG-1","FCGR3A+ Mono"
"54","AACCCAGATCGCTC-1","Naive CD4 T"
"55","AACCGATGCTCCCA-1","Naive CD4 T"
"56","AACCGATGGTCATG-1","B"
"57","AACCGATGTTCTAC-1","CD14+ Mono"
"58","AACCGCCTAGCGTT-1","Memory CD4 T"
"59","AACCGCCTCTACGA-1","CD14+ Mono"
"60","AACCTACTGTGAGG-1","CD14+ Mono"
"61","AACCTACTGTGTTG-1","Naive CD4 T"
"62","AACCTTACGAGACG-1","Naive CD4 T"
"63","AACCTTACGCGAGA-1","NK"
"64","AACCTTACTAACGC-1","FCGR3A+ Mono"
"65","AACCTTTGGACGGA-1","Naive CD4 T"
"66","AACCTTTGTACGCA-1","FCGR3A+ Mono"
"67","AACGCAACAAGTAG-1","Memory CD4 T"
"68","AACGCATGACCCAA-1","Naive CD4 T"
"69","AACGCATGCCTTCG-1","Naive CD4 T"
"70","AACGCATGTACTTC-1","Naive CD4 T"
"71","AACGCCCTCGGGAA-1","Memory CD4 T"
"72","AACGCCCTCGTACA-1","NK"
"73","AACGCCCTGGCATT-1","Memory CD4 T"
"74","AACGTCGAGTATCG-1","NK"
"75","AACGTGTGAAAGCA-1","Memory CD4 T"
"76","AACGTGTGGCGGAA-1","B"
"77","AACGTGTGTCCAAG-1","Naive CD4 T"
"78","AACGTGTGTGCTTT-1","Memory CD4 T"
"79","AACTACCTTAGAGA-1","Naive CD4 T"
"80","AACTCACTCAAGCT-1","CD14+ Mono"
"81","AACTCACTTGGAGG-1","CD14+ Mono"
"82","AACTCGGAAAGTGA-1","CD8 T"
"83","AACTCGGAAGGTCT-1","CD14+ Mono"
"84","AACTCTTGCAGGAG-1","Memory CD4 T"
"85","AACTGTCTCCCTTG-1","CD14+ Mono"
"86","AACTTGCTACGCTA-1","B"
"87","AACTTGCTGGGACA-1","Naive CD4 T"
"88","AAGAACGAGTGTTG-1","Naive CD4 T"
"89","AAGAAGACGTAGGG-1","B"
"90","AAGACAGAAGTCTG-1","B"
"91","AAGACAGAGGATCT-1","Naive CD4 T"
"92","AAGACAGATTACCT-1","CD14+ Mono"
"93","AAGAGATGGGTAGG-1","B"
"94","AAGATGGAAAACAG-1","B"
"95","AAGATGGAGAACTC-1","CD14+ Mono"
"96","AAGATGGAGATAAG-1","CD14+ Mono"
"97","AAGATTACAACCTG-1","Naive CD4 T"
"98","AAGATTACAGATCC-1","CD14+ Mono"
"99","AAGATTACCCGTTC-1","CD14+ Mono"
"100","AAGATTACCGCCTT-1","DC"
"101","AAGATTACCTCAAG-1","NK"
"102","AAGATTACTCCTCG-1","CD14+ Mono"
"103","AAGCAAGAGCGAGA-1","Memory CD4 T"
"104","AAGCAAGAGCTTAG-1","NK"
"105","AAGCAAGAGGTGTT-1","NK"
"106","AAGCACTGAGCAAA-1","B"
"107","AAGCACTGCATACG-1","CD8 T"
"108","AAGCACTGGTTCTT-1","B"
"109","AAGCCAACGTGTTG-1","Naive CD4 T"
"110","AAGCCATGAACTGC-1","DC"
"111","AAGCCATGACACGT-1","CD14+ Mono"
"112","AAGCCATGCGTGAT-1","Naive CD4 T"
"113","AAGCCATGTCTCGC-1","CD8 T"
"114","AAGCCTGACATGCA-1","Memory CD4 T"
"115","AAGCCTGACCGAAT-1","CD14+ Mono"
"116","AAGCGACTCCTCAC-1","FCGR3A+ Mono"
"117","AAGCGACTGTGTCA-1","Naive CD4 T"
"118","AAGCGACTTACAGC-1","B"
"119","AAGCGACTTTGACG-1","FCGR3A+ Mono"
"120","AAGCGTACGTCTTT-1","Naive CD4 T"
"121","AAGGCTTGCGAACT-1","CD8 T"
"122","AAGGTCACGGTTAC-1","CD14+ Mono"
"123","AAGGTCACTGTTTC-1","B"
"124","AAGGTCACTTCCCG-1","CD8 T"
"125","AAGGTCTGACAGTC-1","Memory CD4 T"
"126","AAGGTCTGCAGATC-1","Naive CD4 T"
"127","AAGTAACTCTGAAC-1","CD14+ Mono"
"128","AAGTAACTGAGATA-1","B"
"129","AAGTAGGATACAGC-1","NK"
"130","AAGTATACCGAACT-1","Naive CD4 T"
"131","AAGTCCGACTTGTT-1","Naive CD4 T"
"132","AAGTCCGATAGAAG-1","Naive CD4 T"
"133","AAGTCTCTAGTCGT-1","Naive CD4 T"
"134","AAGTCTCTCGGAGA-1","CD8 T"
"135","AAGTGGCTTGGAGG-1","B"
"136","AAGTTCCTCATTCT-1","FCGR3A+ Mono"
"137","AAGTTCCTTCTTAC-1","Memory CD4 T"
"138","AATAAGCTCGAATC-1","Memory CD4 T"
"139","AATAAGCTCGTTGA-1","Naive CD4 T"
"140","AATACCCTGGACGA-1","B"
"141","AATACCCTGGCATT-1","Memory CD4 T"
"142","AATACTGAAAGGGC-1","CD8 T"
"143","AATACTGAATTGGC-1","NK"
"144","AATAGGGAACCCTC-1","B"
"145","AATAGGGAGAATGA-1","CD8 T"
"146","AATCAAACTATCGG-1","CD8 T"
"147","AATCCGGAATGCTG-1","B"
"148","AATCCTACCGGTAT-1","Naive CD4 T"
"149","AATCCTTGACGGGA-1","CD14+ Mono"
"150","AATCCTTGGTGAGG-1","NK"
"151","AATCGGTGGAACTC-1","CD8 T"
"152","AATCGGTGTGCTTT-1","Naive CD4 T"
"153","AATCTAGAAAAGTG-1","Memory CD4 T"
"154","AATCTAGAATCGGT-1","Naive CD4 T"
"155","AATCTCACAGCCTA-1","CD14+ Mono"
"156","AATCTCACTCTAGG-1","Naive CD4 T"
"157","AATCTCTGAACAGA-1","Naive CD4 T"
"158","AATCTCTGCTTTAC-1","NK"
"159","AATGATACACCAAC-1","CD8 T"
"160","AATGATACGGTCAT-1","CD14+ Mono"
"161","AATGCGTGACACCA-1","B"
"162","AATGCGTGGACGGA-1","CD14+ Mono"
"163","AATGCGTGGCTATG-1","B"
"164","AATGGAGAATCGTG-1","CD14+ Mono"
"165","AATGGAGATCCTTA-1","CD8 T"
"166","AATGGCTGACACCA-1","B"
"167","AATGGCTGCGTGAT-1","Memory CD4 T"
"168","AATGGCTGTAAAGG-1","CD8 T"
"169","AATGGCTGTACTCT-1","CD8 T"
"170","AATGGCTGTGAAGA-1","Naive CD4 T"
"171","AATGTAACGGTGGA-1","Naive CD4 T"
"172","AATGTCCTCTTCTA-1","Memory CD4 T"
"173","AATGTTGACAGTCA-1","Memory CD4 T"
"174","AATGTTGAGTTGAC-1","CD14+ Mono"
"175","AATGTTGATCTACT-1","Memory CD4 T"
"176","AATTACGAATTCCT-1","DC"
"177","AATTACGACTTCTA-1","Naive CD4 T"
"178","AATTACGAGTGAGG-1","Memory CD4 T"
"179","AATTACGATTGGCA-1","B"
"180","AATTCCTGCTCAGA-1","B"
"181","AATTGATGTCGCAA-1","FCGR3A+ Mono"
"182","AATTGTGACTTGGA-1","B"
"183","ACAAAGGAGGGTGA-1","Naive CD4 T"
"184","ACAAATTGATTCTC-1","FCGR3A+ Mono"
"185","ACAAATTGCTCAGA-1","CD14+ Mono"
"186","ACAAATTGTTGCGA-1","NK"
"187","ACAACCGAGGGATG-1","NK"
"188","ACAACCGAGTTACG-1","Memory CD4 T"
"189","ACAAGAGAAGTCGT-1","CD14+ Mono"
"190","ACAAGAGACTTATC-1","Naive CD4 T"
"191","ACAAGAGAGTTGAC-1","B"
"192","ACAATCCTAACCGT-1","Memory CD4 T"
"193","ACAATCCTTAGCGT-1","B"
"194","ACAATTGACTGACA-1","CD8 T"
"195","ACAATTGATGACTG-1","NK"
"196","ACACAGACCATACG-1","CD8 T"
"197","ACACCAGAGGGCAA-1","CD8 T"
"198","ACACCCTGGTGTTG-1","NK"
"199","ACACGAACAGTTCG-1","Memory CD4 T"
"200","ACACGATGACGCAT-1","CD8 T"
"201","ACACGATGATGTGC-1","CD14+ Mono"
"202","ACACGATGTCGTAG-1","CD8 T"
"203","ACACGATGTGGTCA-1","CD8 T"
"204","ACAGACACGGCATT-1","Memory CD4 T"
"205","ACAGACACGTTGTG-1","Memory CD4 T"
"206","ACAGCAACACCTAG-1","CD14+ Mono"
"207","ACAGCAACCTCAAG-1","FCGR3A+ Mono"
"208","ACAGGTACCCCACT-1","Naive CD4 T"
"209","ACAGGTACGCTGTA-1","CD8 T"
"210","ACAGGTACTGGTGT-1","NK"
"211","ACAGTCGACCCAAA-1","Naive CD4 T"
"212","ACAGTCGACCGATA-1","CD8 T"
"213","ACAGTGACTCACCC-1","CD8 T"
"214","ACAGTGACTCTATC-1","CD8 T"
"215","ACAGTGTGGTCACA-1","Naive CD4 T"
"216","ACAGTGTGTTGCGA-1","CD14+ Mono"
"217","ACATCACTCTACTT-1","CD14+ Mono"
"218","ACATGGTGAAGCCT-1","Naive CD4 T"
"219","ACATGGTGCAACCA-1","B"
"220","ACATGGTGCGAGTT-1","Naive CD4 T"
"221","ACATTCTGGCATAC-1","Naive CD4 T"
"222","ACATTCTGGGAACG-1","CD14+ Mono"
"223","ACCAACGACATGCA-1","Naive CD4 T"
"224","ACCACAGAAAGTAG-1","Naive CD4 T"
"225","ACCACAGAGTTGGT-1","Naive CD4 T"
"226","ACCACCTGTGTGCA-1","Naive CD4 T"
"227","ACCACGCTACAGCT-1","Naive CD4 T"
"228","ACCACGCTACCCAA-1","CD8 T"
"229","ACCACGCTGCGAGA-1","Naive CD4 T"
"230","ACCACGCTGCTGTA-1","Naive CD4 T"
"231","ACCAGCCTGACAGG-1","Memory CD4 T"
"232","ACCAGTGAACGGTT-1","B"
"233","ACCAGTGAATACCG-1","FCGR3A+ Mono"
"234","ACCAGTGAGGGATG-1","Naive CD4 T"
"235","ACCAGTGATGACTG-1","CD14+ Mono"
"236","ACCATTACCTTCTA-1","Naive CD4 T"
"237","ACCATTACGAGATA-1","Memory CD4 T"
"238","ACCATTTGTCATTC-1","Naive CD4 T"
"239","ACCCAAGAACTGTG-1","CD8 T"
"240","ACCCAAGAATTCCT-1","FCGR3A+ Mono"
"241","ACCCAAGAGGACAG-1","Memory CD4 T"
"242","ACCCAAGATTCACT-1","B"
"243","ACCCACTGCGCCTT-1","CD14+ Mono"
"244","ACCCACTGGACAGG-1","Naive CD4 T"
"245","ACCCACTGGTTCAG-1","Platelet"
"246","ACCCACTGTCGTAG-1","CD14+ Mono"
"247","ACCCAGCTCAGAAA-1","Memory CD4 T"
"248","ACCCAGCTGTTAGC-1","CD14+ Mono"
"249","ACCCAGCTTGCTTT-1","Naive CD4 T"
"250","ACCCGTTGATGACC-1","B"
"251","ACCCGTTGCTGCAA-1","Naive CD4 T"
"252","ACCCGTTGCTTCTA-1","DC"
"253","ACCCTCGACCTATT-1","Memory CD4 T"
"254","ACCCTCGACGGTAT-1","B"
"255","ACCCTCGATAAGGA-1","CD14+ Mono"
"256","ACCCTCGATCAAGC-1","FCGR3A+ Mono"
"257","ACCGTGCTACCAGT-1","Memory CD4 T"
"258","ACCGTGCTGGAACG-1","B"
"259","ACCTATTGCTGAGT-1","B"
"260","ACCTATTGTGCCCT-1","FCGR3A+ Mono"
"261","ACCTCCGAGTCCTC-1","Memory CD4 T"
"262","ACCTCCGATATGCG-1","Naive CD4 T"
"263","ACCTCCGATGCTGA-1","Naive CD4 T"
"264","ACCTCGTGAACCAC-1","CD8 T"
"265","ACCTGAGATATCGG-1","CD14+ Mono"
"266","ACCTGGCTAAGTAG-1","NK"
"267","ACCTTTGACTCCCA-1","CD14+ Mono"
"268","ACCTTTGAGGAACG-1","CD14+ Mono"
"269","ACCTTTGAGGAAGC-1","CD14+ Mono"
"270","ACGAACACCTTGTT-1","NK"
"271","ACGAACTGGCTATG-1","Platelet"
"272","ACGAAGCTCTCCAC-1","Naive CD4 T"
"273","ACGAAGCTCTGAGT-1","B"
"274","ACGACCCTATCTCT-1","FCGR3A+ Mono"
"275","ACGACCCTGATGAA-1","Naive CD4 T"
"276","ACGACCCTTGACAC-1","B"
"277","ACGACCCTTGACCA-1","Naive CD4 T"
"278","ACGAGGGACAGGAG-1","DC"
"279","ACGAGGGACGAACT-1","Naive CD4 T"
"280","ACGAGGGATGTAGC-1","Memory CD4 T"
"281","ACGAGTACCCTAAG-1","B"
"282","ACGAGTACGAATCC-1","B"
"283","ACGATCGAGGACTT-1","NK"
"284","ACGATCGAGTCACA-1","CD14+ Mono"
"285","ACGATGACAATGCC-1","Memory CD4 T"
"286","ACGATGACTGGTCA-1","Memory CD4 T"
"287","ACGATTCTACGGGA-1","CD8 T"
"288","ACGCAATGGTTCAG-1","NK"
"289","ACGCACCTGTTAGC-1","B"
"290","ACGCCACTGAACTC-1","CD14+ Mono"
"291","ACGCCGGAAACCAC-1","CD14+ Mono"
"292","ACGCCGGAAAGCCT-1","Naive CD4 T"
"293","ACGCCGGAAATGCC-1","Memory CD4 T"
"294","ACGCCTTGCTCCCA-1","FCGR3A+ Mono"
"295","ACGCGGTGGCGAGA-1","Memory CD4 T"
"296","ACGCGGTGTGTGGT-1","B"
"297","ACGCGGTGTTTGCT-1","CD8 T"
"298","ACGCTCACAGTACC-1","Naive CD4 T"
"299","ACGCTCACCCTTGC-1","Naive CD4 T"
"300","ACGCTGCTGTTCTT-1","NK"
"301","ACGGAACTCAGATC-1","NK"
"302","ACGGAACTGTCGTA-1","FCGR3A+ Mono"
"303","ACGGAGGACTCTTA-1","CD14+ Mono"
"304","ACGGATTGGGAGGT-1","B"
"305","ACGGATTGGTTAGC-1","Memory CD4 T"
"306","ACGGCTCTGAGCAG-1","Memory CD4 T"
"307","ACGGCTCTTGCACA-1","Naive CD4 T"
"308","ACGGTAACCGCTAA-1","CD8 T"
"309","ACGGTAACCTTCGC-1","CD8 T"
"310","ACGGTAACGGTGGA-1","Naive CD4 T"
"311","ACGGTAACTCGCAA-1","CD8 T"
"312","ACGGTATGAGTCGT-1","CD14+ Mono"
"313","ACGGTATGGGTATC-1","B"
"314","ACGGTATGGTTGTG-1","B"
"315","ACGGTCCTAACGGG-1","Memory CD4 T"
"316","ACGGTCCTCGGGAA-1","Naive CD4 T"
"317","ACGTAGACAACCAC-1","Memory CD4 T"
"318","ACGTAGACTACAGC-1","B"
"319","ACGTCAGAAACGAA-1","Memory CD4 T"
"320","ACGTCAGAGAGCTT-1","CD14+ Mono"
"321","ACGTCAGAGGGATG-1","Naive CD4 T"
"322","ACGTCCTGATAAGG-1","CD14+ Mono"
"323","ACGTCCTGTGAACC-1","CD14+ Mono"
"324","ACGTCGCTCCTGAA-1","CD8 T"
"325","ACGTCGCTCTATTC-1","CD14+ Mono"
"326","ACGTCGCTTCTCAT-1","B"
"327","ACGTGATGCCATGA-1","DC"
"328","ACGTGATGGGTCTA-1","Naive CD4 T"
"329","ACGTGATGTAACCG-1","FCGR3A+ Mono"
"330","ACGTGATGTGACAC-1","NK"
"331","ACGTGCCTCCGTAA-1","Memory CD4 T"
"332","ACGTGCCTTCTATC-1","CD8 T"
"333","ACGTTACTTTCCAT-1","Naive CD4 T"
"334","ACGTTGGAAAAGCA-1","Naive CD4 T"
"335","ACGTTGGAAACCTG-1","CD8 T"
"336","ACGTTGGACCGTAA-1","CD14+ Mono"
"337","ACGTTGGAGCCAAT-1","NK"
"338","ACGTTGGATATGGC-1","B"
"339","ACGTTGGATCAGGT-1","CD14+ Mono"
"340","ACGTTTACATCAGC-1","Naive CD4 T"
"341","ACTAAAACCCACAA-1","Naive CD4 T"
"342","ACTAAAACTCGACA-1","CD14+ Mono"
"343","ACTACGGAATTTCC-1","Memory CD4 T"
"344","ACTACGGACCTATT-1","Naive CD4 T"
"345","ACTACGGATCGCTC-1","Naive CD4 T"
"346","ACTACTACTAAGGA-1","Naive CD4 T"
"347","ACTAGGTGGAACCT-1","CD8 T"
"348","ACTAGGTGGAACTC-1","Memory CD4 T"
"349","ACTATCACCTTGGA-1","CD8 T"
"350","ACTATCACTGCCAA-1","Naive CD4 T"
"351","ACTCAGGACTGAAC-1","Naive CD4 T"
"352","ACTCAGGATCTATC-1","B"
"353","ACTCAGGATTCGTT-1","CD14+ Mono"
"354","ACTCCTCTCAACTG-1","Memory CD4 T"
"355","ACTCGCACGAAAGT-1","CD14+ Mono"
"356","ACTCGCACTACGAC-1","CD14+ Mono"
"357","ACTCTCCTGACACT-1","Naive CD4 T"
"358","ACTCTCCTGCATAC-1","Naive CD4 T"
"359","ACTCTCCTGTTTGG-1","Naive CD4 T"
"360","ACTGAGACAACCAC-1","CD8 T"
"361","ACTGAGACCCATAG-1","FCGR3A+ Mono"
"362","ACTGAGACGTTGGT-1","B"
"363","ACTGCCACACACGT-1","CD8 T"
"364","ACTGCCACTCCGTC-1","NK"
"365","ACTGGCCTTCAGTG-1","NK"
"366","ACTGTGGACGTGTA-1","CD8 T"
"367","ACTGTGGATCTAGG-1","B"
"368","ACTGTTACCCACAA-1","CD14+ Mono"
"369","ACTGTTACTGCAGT-1","Naive CD4 T"
"370","ACTTAAGAACCACA-1","Naive CD4 T"
"371","ACTTAAGATTACTC-1","DC"
"372","ACTTAGCTGCGTAT-1","FCGR3A+ Mono"
"373","ACTTAGCTGGGAGT-1","Memory CD4 T"
"374","ACTTCAACAAGCAA-1","Memory CD4 T"
"375","ACTTCAACGTAGGG-1","NK"
"376","ACTTCCCTTTCCGC-1","Naive CD4 T"
"377","ACTTCTGACATGCA-1","B"
"378","ACTTGACTCCACAA-1","B"
"379","ACTTGGGAGAAAGT-1","CD14+ Mono"
"380","ACTTGGGAGGTTTG-1","Memory CD4 T"
"381","ACTTGGGATGTGAC-1","FCGR3A+ Mono"
"382","ACTTGGGATTGACG-1","CD14+ Mono"
"383","ACTTGTACCTGTCC-1","Naive CD4 T"
"384","ACTTTGTGGAAAGT-1","Naive CD4 T"
"385","ACTTTGTGGATAGA-1","CD14+ Mono"
"386","AGAAACGAAAGTAG-1","B"
"387","AGAAAGTGCGCAAT-1","Naive CD4 T"
"388","AGAAAGTGGGGATG-1","CD14+ Mono"
"389","AGAACAGAAATGCC-1","NK"
"390","AGAACAGACGACTA-1","B"
"391","AGAACAGAGACAAA-1","Memory CD4 T"
"392","AGAACGCTTTGCTT-1","Naive CD4 T"
"393","AGAAGATGTGACTG-1","Memory CD4 T"
"394","AGAATGGAAGAAGT-1","CD8 T"
"395","AGAATTTGTAACCG-1","Naive CD4 T"
"396","AGAATTTGTAGAGA-1","Naive CD4 T"
"397","AGACACACTGTAGC-1","Naive CD4 T"
"398","AGACACTGTCAAGC-1","CD14+ Mono"
"399","AGACCTGAAGTAGA-1","CD14+ Mono"
"400","AGACCTGACCAACA-1","Memory CD4 T"
"401","AGACCTGAGGAAGC-1","CD8 T"
"402","AGACGTACAGAGGC-1","Memory CD4 T"
"403","AGACGTACCCCTAC-1","B"
"404","AGACGTACCTCTTA-1","CD14+ Mono"
"405","AGACGTACTCGTGA-1","FCGR3A+ Mono"
"406","AGACTGACCATCAG-1","CD8 T"
"407","AGACTGACCCTTTA-1","Naive CD4 T"
"408","AGACTTCTCATGCA-1","B"
"409","AGAGATGACAGTCA-1","B"
"410","AGAGATGACTGAAC-1","Naive CD4 T"
"411","AGAGATGAGGTTTG-1","CD14+ Mono"
"412","AGAGATGATCTCGC-1","B"
"413","AGAGATGATTGTGG-1","Naive CD4 T"
"414","AGAGCGGAGGCAAG-1","CD14+ Mono"
"415","AGAGTCTGGTCGTA-1","FCGR3A+ Mono"
"416","AGAGTGCTCAGCTA-1","Naive CD4 T"
"417","AGAGTGCTCGAATC-1","Naive CD4 T"
"418","AGAGTGCTGTCATG-1","Memory CD4 T"
"419","AGAGTGCTGTCCTC-1","CD8 T"
"420","AGAGTGCTGTGTTG-1","B"
"421","AGATATACCCGTAA-1","NK"
"422","AGATATACGATGAA-1","Memory CD4 T"
"423","AGATATACTGTTCT-1","B"
"424","AGATATTGCCTACC-1","CD8 T"
"425","AGATATTGGCCAAT-1","CD14+ Mono"
"426","AGATCGTGTCTGGA-1","CD14+ Mono"
"427","AGATCGTGTTTGTC-1","B"
"428","AGATCTCTATCACG-1","B"
"429","AGATTAACGTTCTT-1","FCGR3A+ Mono"
"430","AGATTCCTATCGTG-1","Naive CD4 T"
"431","AGATTCCTCACTTT-1","CD14+ Mono"
"432","AGATTCCTGACGAG-1","CD14+ Mono"
"433","AGATTCCTGTTCAG-1","NK"
"434","AGCAAAGATATGCG-1","Naive CD4 T"
"435","AGCACAACAGTCTG-1","Naive CD4 T"
"436","AGCACTGAGGGAGT-1","Naive CD4 T"
"437","AGCACTGATATGCG-1","Memory CD4 T"
"438","AGCACTGATGCTTT-1","DC"
"439","AGCACTGATTGCGA-1","Naive CD4 T"
"440","AGCATCGAAGATCC-1","Memory CD4 T"
"441","AGCATCGAAGGGTG-1","B"
"442","AGCATCGAGCTTCC-1","CD14+ Mono"
"443","AGCATCGAGTGAGG-1","Memory CD4 T"
"444","AGCATCGATAACCG-1","CD14+ Mono"
"445","AGCATGACGATGAA-1","CD8 T"
"446","AGCCAATGGGGAGT-1","FCGR3A+ Mono"
"447","AGCCAATGTATCTC-1","Naive CD4 T"
"448","AGCCACCTGGATCT-1","CD8 T"
"449","AGCCGGTGCCAATG-1","Memory CD4 T"
"450","AGCCGGTGTGTTTC-1","Naive CD4 T"
"451","AGCCGTCTCAATCG-1","Naive CD4 T"
"452","AGCCGTCTGAGAGC-1","Memory CD4 T"
"453","AGCCTCACGTTCGA-1","Naive CD4 T"
"454","AGCCTCACTGTCAG-1","FCGR3A+ Mono"
"455","AGCCTCTGCAGTTG-1","B"
"456","AGCCTCTGCCAATG-1","NK"
"457","AGCGAACTGGATCT-1","Naive CD4 T"
"458","AGCGAACTTACTGG-1","Memory CD4 T"
"459","AGCGATACGGAGCA-1","Naive CD4 T"
"460","AGCGATTGAGATCC-1","NK"
"461","AGCGCCGAATCTCT-1","Naive CD4 T"
"462","AGCGCCGACAGAGG-1","Memory CD4 T"
"463","AGCGCTCTACCTTT-1","Naive CD4 T"
"464","AGCGGCACCGGGAA-1","Naive CD4 T"
"465","AGCGGCTGATGTGC-1","Naive CD4 T"
"466","AGCGGGCTTGCCAA-1","Naive CD4 T"
"467","AGCGTAACATGCTG-1","Memory CD4 T"
"468","AGCGTAACTGAGAA-1","CD14+ Mono"
"469","AGCTCGCTACTGGT-1","Naive CD4 T"
"470","AGCTCGCTCTGCTC-1","Naive CD4 T"
"471","AGCTGAACCATACG-1","FCGR3A+ Mono"
"472","AGCTGAACCTCTCG-1","Naive CD4 T"
"473","AGCTGCCTTGGGAG-1","CD14+ Mono"
"474","AGCTGCCTTTCATC-1","Memory CD4 T"
"475","AGCTGCCTTTCTGT-1","Memory CD4 T"
"476","AGCTGTGATCCAAG-1","Naive CD4 T"
"477","AGCTTTACAAGTAG-1","Naive CD4 T"
"478","AGCTTTACACCAAC-1","CD8 T"
"479","AGCTTTACTCTCAT-1","B"
"480","AGGAAATGAGGAGC-1","Memory CD4 T"
"481","AGGAACCTCTTAGG-1","FCGR3A+ Mono"
"482","AGGAACCTTGCCTC-1","CD8 T"
"483","AGGAATGATAACGC-1","Memory CD4 T"
"484","AGGAATGATTTGTC-1","Memory CD4 T"
"485","AGGAGTCTGGTTTG-1","Naive CD4 T"
"486","AGGAGTCTTGTCAG-1","Naive CD4 T"
"487","AGGATAGACATTTC-1","Memory CD4 T"
"488","AGGATAGAGGATTC-1","CD8 T"
"489","AGGATGCTACTAGC-1","B"
"490","AGGATGCTTTAGGC-1","NK"
"491","AGGCAACTGAAGGC-1","Naive CD4 T"
"492","AGGCAGGAGTACCA-1","CD8 T"
"493","AGGCCTCTAGTCGT-1","Naive CD4 T"
"494","AGGCCTCTCGGAGA-1","Memory CD4 T"
"495","AGGCCTCTCGTAAC-1","Naive CD4 T"
"496","AGGGACGACGTTGA-1","Naive CD4 T"
"497","AGGGACGAGTCAAC-1","NK"
"498","AGGGACGAGTTGTG-1","Naive CD4 T"
"499","AGGGACGATAGAGA-1","CD8 T"
"500","AGGGACGATGCATG-1","CD8 T"
"501","AGGGAGTGAGCCTA-1","Naive CD4 T"
"502","AGGGCCACCATACG-1","Naive CD4 T"
"503","AGGGCGCTAACCAC-1","CD14+ Mono"
"504","AGGGCGCTATGGTC-1","Memory CD4 T"
"505","AGGGTGGACAGTCA-1","B"
"506","AGGGTGGACTCAAG-1","CD14+ Mono"
"507","AGGGTGGAGTTGCA-1","CD8 T"
"508","AGGGTTTGTTCATC-1","CD14+ Mono"
"509","AGGTCATGAGTGTC-1","B"
"510","AGGTCATGCTTATC-1","CD8 T"
"511","AGGTCTGATTCTCA-1","FCGR3A+ Mono"
"512","AGGTGGGAAGAATG-1","Memory CD4 T"
"513","AGGTGGGAAGTTCG-1","Naive CD4 T"
"514","AGGTGTTGGTTACG-1","B"
"515","AGGTTCGAACCTCC-1","CD14+ Mono"
"516","AGGTTCGAACGTAC-1","CD14+ Mono"
"517","AGGTTCGAGGGTGA-1","Naive CD4 T"
"518","AGTAAGGAGTTTGG-1","Memory CD4 T"
"519","AGTAAGGATTCTTG-1","Memory CD4 T"
"520","AGTAATACATCACG-1","NK"
"521","AGTAATACCGAACT-1","B"
"522","AGTAATTGTCCCAC-1","Memory CD4 T"
"523","AGTACGTGAGGGTG-1","Naive CD4 T"
"524","AGTACGTGCTGCAA-1","Naive CD4 T"
"525","AGTACGTGCTTGGA-1","Memory CD4 T"
"526","AGTACTCTACGTGT-1","B"
"527","AGTACTCTCAACCA-1","CD8 T"
"528","AGTACTCTCGGTAT-1","Memory CD4 T"
"529","AGTAGGCTTGCCTC-1","FCGR3A+ Mono"
"530","AGTATAACTTGTCT-1","FCGR3A+ Mono"
"531","AGTATCCTAGAACA-1","Naive CD4 T"
"532","AGTCACGATGAGCT-1","NK"
"533","AGTCAGACGAATAG-1","Memory CD4 T"
"534","AGTCAGACGCTTAG-1","Naive CD4 T"
"535","AGTCAGACTAGAGA-1","CD8 T"
"536","AGTCAGACTGCACA-1","Memory CD4 T"
"537","AGTCCAGATATCTC-1","Naive CD4 T"
"538","AGTCCAGATTTCAC-1","Memory CD4 T"
"539","AGTCGAACCAACCA-1","Naive CD4 T"
"540","AGTCGCCTCCGTAA-1","Memory CD4 T"
"541","AGTCTACTAGGGTG-1","CD14+ Mono"
"542","AGTCTACTTGCATG-1","FCGR3A+ Mono"
"543","AGTCTTACACCACA-1","Naive CD4 T"
"544","AGTCTTACTTCGCC-1","CD8 T"
"545","AGTCTTACTTCGGA-1","Platelet"
"546","AGTGACTGCAACTG-1","FCGR3A+ Mono"
"547","AGTGTTCTAACCTG-1","Memory CD4 T"
"548","AGTGTTCTATAAGG-1","Naive CD4 T"
"549","AGTGTTCTCACTTT-1","CD14+ Mono"
"550","AGTTAAACCACTTT-1","Memory CD4 T"
"551","AGTTATGAACAGTC-1","CD14+ Mono"
"552","AGTTATGACTGAGT-1","Memory CD4 T"
"553","AGTTATGAGTTCAG-1","Memory CD4 T"
"554","AGTTCTACCAGCTA-1","CD14+ Mono"
"555","AGTTCTTGAAGCCT-1","CD8 T"
"556","AGTTGTCTACTACG-1","Naive CD4 T"
"557","AGTTTAGATGGTCA-1","Naive CD4 T"
"558","AGTTTCACGGTCTA-1","CD8 T"
"559","AGTTTGCTACAGTC-1","Naive CD4 T"
"560","AGTTTGCTACTGGT-1","NK"
"561","AGTTTGCTCCAAGT-1","Naive CD4 T"
"562","ATAAACACAGTGCT-1","B"
"563","ATAAACACCACCAA-1","Naive CD4 T"
"564","ATAACAACATGCTG-1","CD14+ Mono"
"565","ATAACAACGTCTAG-1","Naive CD4 T"
"566","ATAACAACTTTGTC-1","Naive CD4 T"
"567","ATAACATGTACTCT-1","Memory CD4 T"
"568","ATAACCCTGTTGGT-1","Naive CD4 T"
"569","ATAACCCTTGGTAC-1","Memory CD4 T"
"570","ATAAGTACGAATGA-1","B"
"571","ATAAGTTGGTACGT-1","FCGR3A+ Mono"
"572","ATAAGTTGTCTAGG-1","Memory CD4 T"
"573","ATAATCGAGCTGAT-1","B"
"574","ATAATCGATGGTTG-1","Naive CD4 T"
"575","ATAATGACCTACTT-1","Memory CD4 T"
"576","ATAATGACTCGTGA-1","CD14+ Mono"
"577","ATACAATGTTAGGC-1","Naive CD4 T"
"578","ATACCACTCGTACA-1","CD14+ Mono"
"579","ATACCACTCTAAGC-1","DC"
"580","ATACCACTGCCAAT-1","NK"
"581","ATACCGGAATGCTG-1","DC"
"582","ATACCGGACATTTC-1","CD14+ Mono"
"583","ATACCGGACTTCGC-1","Memory CD4 T"
"584","ATACCGGAGGTGTT-1","CD14+ Mono"
"585","ATACCGGATCTCGC-1","Naive CD4 T"
"586","ATACCTACGCATCA-1","Memory CD4 T"
"587","ATACCTTGGGGCAA-1","Naive CD4 T"
"588","ATACGGACAGACTC-1","CD14+ Mono"
"589","ATACGGACCTACTT-1","CD14+ Mono"
"590","ATACGGACGAGGTG-1","B"
"591","ATACGGACTATGCG-1","B"
"592","ATACGGACTCTGGA-1","CD14+ Mono"
"593","ATACGTCTTAACGC-1","CD14+ Mono"
"594","ATACTCTGCTTCGC-1","CD14+ Mono"
"595","ATACTCTGGTATGC-1","NK"
"596","ATAGATACCATGGT-1","Memory CD4 T"
"597","ATAGATACGACGAG-1","Naive CD4 T"
"598","ATAGATTGGTGTAC-1","B"
"599","ATAGCCGAACGGAG-1","Naive CD4 T"
"600","ATAGCGTGCAGATC-1","Memory CD4 T"
"601","ATAGCGTGCCCTTG-1","CD14+ Mono"
"602","ATAGCGTGGTATCG-1","CD14+ Mono"
"603","ATAGCGTGTCTCTA-1","Memory CD4 T"
"604","ATAGCTCTCTGATG-1","Naive CD4 T"
"605","ATAGCTCTGAGGTG-1","Naive CD4 T"
"606","ATAGGAGAAACAGA-1","CD14+ Mono"
"607","ATAGGCTGTCAGAC-1","Naive CD4 T"
"608","ATAGTCCTAGTGTC-1","CD14+ Mono"
"609","ATAGTCCTTGCATG-1","CD8 T"
"610","ATAGTCCTTGTCGA-1","Naive CD4 T"
"611","ATAGTTGACAACTG-1","Naive CD4 T"
"612","ATAGTTGACCCTCA-1","FCGR3A+ Mono"
"613","ATAGTTGAGACGTT-1","Naive CD4 T"
"614","ATAGTTGATAAGCC-1","Naive CD4 T"
"615","ATATACGAAGCCAT-1","Naive CD4 T"
"616","ATATACGAATTGGC-1","Memory CD4 T"
"617","ATATAGTGGAATGA-1","CD14+ Mono"
"618","ATATGCCTAGATCC-1","CD14+ Mono"
"619","ATATGCCTGGACAG-1","Memory CD4 T"
"620","ATATGCCTTCTCTA-1","Memory CD4 T"
"621","ATATGCCTTGGTAC-1","Naive CD4 T"
"622","ATCAAATGAGCCTA-1","CD14+ Mono"
"623","ATCAAATGGGTAAA-1","FCGR3A+ Mono"
"624","ATCAACCTAAACGA-1","Memory CD4 T"
"625","ATCAACCTGAGGAC-1","Naive CD4 T"
"626","ATCAACCTTCTCTA-1","CD8 T"
"627","ATCAACCTTTGTCT-1","CD8 T"
"628","ATCACACTTTGTCT-1","Memory CD4 T"
"629","ATCACGGATTTCGT-1","B"
"630","ATCATCTGACACCA-1","Platelet"
"631","ATCATGCTAGAGTA-1","CD8 T"
"632","ATCATGCTGAACCT-1","B"
"633","ATCCAGGACGCTAA-1","FCGR3A+ Mono"
"634","ATCCAGGATGGAAA-1","Memory CD4 T"
"635","ATCCATACTCCTTA-1","CD14+ Mono"
"636","ATCCATACTTCATC-1","FCGR3A+ Mono"
"637","ATCCCGTGCAGTCA-1","NK"
"638","ATCCCGTGCATGCA-1","B"
"639","ATCCCGTGGCTGAT-1","B"
"640","ATCCGCACGCATCA-1","B"
"641","ATCCTAACGACGGA-1","B"
"642","ATCCTAACGCTACA-1","CD8 T"
"643","ATCGACGAAACTGC-1","CD14+ Mono"
"644","ATCGACGAATGACC-1","Naive CD4 T"
"645","ATCGAGTGGACGTT-1","CD8 T"
"646","ATCGCAGAATCTCT-1","FCGR3A+ Mono"
"647","ATCGCAGAGTGTCA-1","B"
"648","ATCGCCACTGAGGG-1","CD8 T"
"649","ATCGCCTGGGTCAT-1","Naive CD4 T"
"650","ATCGCCTGTGGCAT-1","B"
"651","ATCGCGCTCAGAGG-1","CD14+ Mono"
"652","ATCGCGCTGGGATG-1","Memory CD4 T"
"653","ATCGCGCTTTTCGT-1","B"
"654","ATCGGAACCAGTCA-1","Naive CD4 T"
"655","ATCGGTGAGTCAAC-1","Naive CD4 T"
"656","ATCGGTGATTGCAG-1","Naive CD4 T"
"657","ATCGTTTGCCTACC-1","CD14+ Mono"
"658","ATCGTTTGGGTACT-1","CD14+ Mono"
"659","ATCGTTTGTGCCAA-1","CD14+ Mono"
"660","ATCTACACCCGCTT-1","CD14+ Mono"
"661","ATCTACACCGGGAA-1","Naive CD4 T"
"662","ATCTCAACAGGAGC-1","B"
"663","ATCTCAACCTCGAA-1","Naive CD4 T"
"664","ATCTCAACCTTGTT-1","CD14+ Mono"
"665","ATCTGGGAAACCAC-1","CD14+ Mono"
"666","ATCTGGGAAGTGTC-1","CD14+ Mono"
"667","ATCTGGGATTCCGC-1","CD8 T"
"668","ATCTGTTGAACGGG-1","Memory CD4 T"
"669","ATCTGTTGACCTCC-1","Naive CD4 T"
"670","ATCTGTTGCCTTCG-1","FCGR3A+ Mono"
"671","ATCTGTTGGTTGCA-1","Memory CD4 T"
"672","ATCTTGACACCAAC-1","Memory CD4 T"
"673","ATCTTGACCTCCCA-1","CD14+ Mono"
"674","ATCTTTCTGCATCA-1","CD8 T"
"675","ATCTTTCTGTTTCT-1","CD8 T"
"676","ATCTTTCTTGTCCC-1","NK"
"677","ATGAAACTCTGTGA-1","Memory CD4 T"
"678","ATGAAACTGAGGCA-1","Naive CD4 T"
"679","ATGAAGGAACAGCT-1","CD8 T"
"680","ATGAAGGACCTGTC-1","B"
"681","ATGAAGGACCTTAT-1","B"
"682","ATGAAGGACTAGTG-1","B"
"683","ATGAAGGACTTGCC-1","NK"
"684","ATGACGTGACGACT-1","B"
"685","ATGACGTGATCGGT-1","FCGR3A+ Mono"
"686","ATGAGAGAAAGTGA-1","Memory CD4 T"
"687","ATGAGAGAACGCAT-1","Naive CD4 T"
"688","ATGAGAGAAGTAGA-1","B"
"689","ATGAGCACACAGCT-1","Naive CD4 T"
"690","ATGAGCACATCTTC-1","Naive CD4 T"
"691","ATGATAACTTCACT-1","NK"
"692","ATGATATGAAACAG-1","Memory CD4 T"
"693","ATGATATGACTGGT-1","Naive CD4 T"
"694","ATGATATGAGCACT-1","Naive CD4 T"
"695","ATGATATGGTCATG-1","Naive CD4 T"
"696","ATGATATGGTGCTA-1","NK"
"697","ATGATATGTTGTCT-1","CD14+ Mono"
"698","ATGCACGAATGTCG-1","B"
"699","ATGCACGACTGTAG-1","Memory CD4 T"
"700","ATGCACGAGAACCT-1","B"
"701","ATGCACGAGTTCGA-1","Naive CD4 T"
"702","ATGCACGATTGGTG-1","CD14+ Mono"
"703","ATGCAGTGTTACCT-1","B"
"704","ATGCAGTGTTCTAC-1","Memory CD4 T"
"705","ATGCCAGAACGACT-1","Naive CD4 T"
"706","ATGCCAGACAGTCA-1","CD14+ Mono"
"707","ATGCCGCTTGAACC-1","CD14+ Mono"
"708","ATGCGATGCTATGG-1","CD14+ Mono"
"709","ATGCGATGCTGAGT-1","Naive CD4 T"
"710","ATGCGATGGTTACG-1","B"
"711","ATGCGCCTTCATTC-1","Naive CD4 T"
"712","ATGCTTTGCGAATC-1","Memory CD4 T"
"713","ATGCTTTGGGCGAA-1","CD8 T"
"714","ATGCTTTGTAGTCG-1","B"
"715","ATGGACACATCGGT-1","Memory CD4 T"
"716","ATGGACACGCATCA-1","NK"
"717","ATGGGTACAACCTG-1","B"
"718","ATGGGTACATCGGT-1","NK"
"719","ATGGGTACTATTCC-1","Memory CD4 T"
"720","ATGGGTACTGGGAG-1","Memory CD4 T"
"721","ATGTAAACACCTCC-1","Naive CD4 T"
"722","ATGTAAACCCGCTT-1","Memory CD4 T"
"723","ATGTAAACGGGATG-1","DC"
"724","ATGTAAACTCTCCG-1","Memory CD4 T"
"725","ATGTAAACTTCACT-1","CD14+ Mono"
"726","ATGTACCTCAGTCA-1","Naive CD4 T"
"727","ATGTACCTTAGTCG-1","Memory CD4 T"
"728","ATGTACCTTTATCC-1","CD14+ Mono"
"729","ATGTACCTTTCACT-1","CD8 T"
"730","ATGTCACTAATGCC-1","CD14+ Mono"
"731","ATGTCACTCTGCTC-1","Naive CD4 T"
"732","ATGTCGGAGGTGAG-1","Memory CD4 T"
"733","ATGTTCACAGTCTG-1","CD14+ Mono"
"734","ATGTTCACCGTAGT-1","Memory CD4 T"
"735","ATGTTGCTTTCAGG-1","Memory CD4 T"
"736","ATTAACGATGAGAA-1","NK"
"737","ATTAACGATGCAAC-1","CD8 T"
"738","ATTAAGACTGCAGT-1","Memory CD4 T"
"739","ATTACCTGCCTTAT-1","CD14+ Mono"
"740","ATTACCTGGAGGAC-1","FCGR3A+ Mono"
"741","ATTAGATGTTTCAC-1","Naive CD4 T"
"742","ATTATGGAATCTCT-1","Memory CD4 T"
"743","ATTCAAGAACGGGA-1","Naive CD4 T"
"744","ATTCAAGACCTTTA-1","Memory CD4 T"
"745","ATTCAGCTCATTGG-1","Platelet"
"746","ATTCCAACCATTGG-1","CD14+ Mono"
"747","ATTCCAACTTAGGC-1","NK"
"748","ATTCGACTCACTAG-1","CD8 T"
"749","ATTCGACTGAATAG-1","CD14+ Mono"
"750","ATTCGACTTTTGTC-1","FCGR3A+ Mono"
"751","ATTCGGGAAAGGCG-1","CD14+ Mono"
"752","ATTCGGGATTAGGC-1","Memory CD4 T"
"753","ATTCTTCTGATACC-1","CD8 T"
"754","ATTGAATGGACGGA-1","Naive CD4 T"
"755","ATTGATGAAGGTTC-1","Naive CD4 T"
"756","ATTGATGACTGAGT-1","Naive CD4 T"
"757","ATTGATGAGCGAAG-1","Memory CD4 T"
"758","ATTGATGATCTATC-1","Naive CD4 T"
"759","ATTGCACTGACGGA-1","Naive CD4 T"
"760","ATTGCACTGAGAGC-1","FCGR3A+ Mono"
"761","ATTGCACTGGAGCA-1","CD14+ Mono"
"762","ATTGCACTTAGCCA-1","Memory CD4 T"
"763","ATTGCACTTGCTTT-1","FCGR3A+ Mono"
"764","ATTGCTTGTTACTC-1","B"
"765","ATTGGTCTGACTAC-1","B"
"766","ATTGGTCTTGTCTT-1","B"
"767","ATTGTAGATTCCCG-1","DC"
"768","ATTGTAGATTGCAG-1","Naive CD4 T"
"769","ATTGTCTGCGTACA-1","Memory CD4 T"
"770","ATTTAGGAACCATG-1","FCGR3A+ Mono"
"771","ATTTAGGACAGAGG-1","Memory CD4 T"
"772","ATTTCCGAGATGAA-1","Memory CD4 T"
"773","ATTTCCGAGTGCTA-1","Memory CD4 T"
"774","ATTTCGTGTATGGC-1","CD8 T"
"775","ATTTCTCTACTTTC-1","FCGR3A+ Mono"
"776","ATTTCTCTAGCAAA-1","Memory CD4 T"
"777","ATTTCTCTCACTTT-1","FCGR3A+ Mono"
"778","ATTTCTCTTCCCAC-1","Naive CD4 T"
"779","ATTTGCACAAGATG-1","CD14+ Mono"
"780","CAAAGCACAGCTCA-1","Naive CD4 T"
"781","CAAAGCACCGTAAC-1","B"
"782","CAAAGCACGGTAAA-1","CD8 T"
"783","CAAAGCTGAAAGTG-1","Naive CD4 T"
"784","CAAAGCTGTTGCTT-1","CD14+ Mono"
"785","CAAATATGTGACAC-1","Naive CD4 T"
"786","CAAATTGAGGGCAA-1","Naive CD4 T"
"787","CAAATTGATGGAGG-1","CD14+ Mono"
"788","CAACCAGAAAAGTG-1","Naive CD4 T"
"789","CAACCAGAAGTGCT-1","Memory CD4 T"
"790","CAACCAGAGTTCAG-1","CD14+ Mono"
"791","CAACCAGATAGAAG-1","CD14+ Mono"
"792","CAACCGCTGTTCAG-1","Naive CD4 T"
"793","CAACCGCTTTGAGC-1","Memory CD4 T"
"794","CAACGATGCGCAAT-1","CD14+ Mono"
"795","CAACGTGACTCCAC-1","CD14+ Mono"
"796","CAACGTGAGCCATA-1","CD8 T"
"797","CAACGTGATCAAGC-1","CD14+ Mono"
"798","CAAGAAGACCACAA-1","CD8 T"
"799","CAAGAAGACGTCTC-1","CD14+ Mono"
"800","CAAGAAGATTCTAC-1","Naive CD4 T"
"801","CAAGACTGACCTGA-1","B"
"802","CAAGACTGAGTAGA-1","B"
"803","CAAGCTGACCATAG-1","FCGR3A+ Mono"
"804","CAAGCTGATCTATC-1","CD8 T"
"805","CAAGGACTGTTCAG-1","Naive CD4 T"
"806","CAAGGACTTCTTTG-1","CD8 T"
"807","CAAGGTTGCTCCAC-1","Memory CD4 T"
"808","CAAGGTTGTCATTC-1","B"
"809","CAAGGTTGTCTGGA-1","NK"
"810","CAAGTCGAAACAGA-1","B"
"811","CAAGTCGATAGCGT-1","CD14+ Mono"
"812","CAATAAACGCCATA-1","CD14+ Mono"
"813","CAATAATGAACTGC-1","CD14+ Mono"
"814","CAATATGACATGGT-1","Memory CD4 T"
"815","CAATATGACCTTCG-1","CD8 T"
"816","CAATATGACGTTAG-1","Naive CD4 T"
"817","CAATATGAGGAGCA-1","Naive CD4 T"
"818","CAATCGGAGAAACA-1","Naive CD4 T"
"819","CAATCTACTGACTG-1","NK"
"820","CAATTCACCCAACA-1","CD8 T"
"821","CAATTCACGATAGA-1","Naive CD4 T"
"822","CAATTCACTTGTGG-1","Naive CD4 T"
"823","CAATTCTGCTTGTT-1","CD14+ Mono"
"824","CAATTCTGGCGTAT-1","FCGR3A+ Mono"
"825","CACAACGATACGAC-1","Naive CD4 T"
"826","CACAATCTTGTTCT-1","CD8 T"
"827","CACAATCTTTCCAT-1","Memory CD4 T"
"828","CACACCTGCTTGAG-1","Naive CD4 T"
"829","CACACCTGTATGGC-1","Naive CD4 T"
"830","CACAGAACCCTTGC-1","B"
"831","CACAGAACCTGATG-1","Memory CD4 T"
"832","CACAGATGGGATTC-1","Memory CD4 T"
"833","CACAGATGGTTTCT-1","CD14+ Mono"
"834","CACAGCCTGATACC-1","CD8 T"
"835","CACAGCCTTGCCAA-1","FCGR3A+ Mono"
"836","CACAGCCTTGTAGC-1","Naive CD4 T"
"837","CACAGTGATGAAGA-1","CD14+ Mono"
"838","CACATACTACAGCT-1","CD8 T"
"839","CACATGGAACACGT-1","Naive CD4 T"
"840","CACATGGAAGTCGT-1","Naive CD4 T"
"841","CACCACTGCCAACA-1","Naive CD4 T"
"842","CACCACTGGCGAAG-1","NK"
"843","CACCCATGTTCTGT-1","CD8 T"
"844","CACCGGGAATCGAC-1","Memory CD4 T"
"845","CACCGGGACGAGAG-1","CD8 T"
"846","CACCGGGACGTGTA-1","Naive CD4 T"
"847","CACCGGGACTTCTA-1","Memory CD4 T"
"848","CACCGGGACTTGCC-1","CD8 T"
"849","CACCGGGATTCGGA-1","CD8 T"
"850","CACCGTACTAAGGA-1","B"
"851","CACCGTACTAGCGT-1","Naive CD4 T"
"852","CACCTGACACCCAA-1","CD8 T"
"853","CACCTGACCAGAAA-1","Memory CD4 T"
"854","CACCTGACCTCAAG-1","CD8 T"
"855","CACCTGACGAAAGT-1","B"
"856","CACCTGACTCGTAG-1","Naive CD4 T"
"857","CACGAAACTTCCGC-1","B"
"858","CACGACCTCGATAC-1","B"
"859","CACGCTACAGAAGT-1","Naive CD4 T"
"860","CACGCTACTGTTCT-1","B"
"861","CACGGGACAGAGTA-1","Naive CD4 T"
"862","CACGGGACATAAGG-1","Naive CD4 T"
"863","CACGGGACGTAGGG-1","Memory CD4 T"
"864","CACGGGTGCTTCGC-1","CD8 T"
"865","CACGGGTGGAGGAC-1","NK"
"866","CACGGGTGTGTTTC-1","Naive CD4 T"
"867","CACTAACTCCTAAG-1","B"
"868","CACTAACTGAAAGT-1","Naive CD4 T"
"869","CACTAGGATGATGC-1","B"
"870","CACTATACCCCGTT-1","B"
"871","CACTATACGTTTGG-1","CD8 T"
"872","CACTGAGACAGTCA-1","CD14+ Mono"
"873","CACTGCACTTCATC-1","Memory CD4 T"
"874","CACTGCTGAGACTC-1","FCGR3A+ Mono"
"875","CACTGCTGGAAAGT-1","Memory CD4 T"
"876","CACTTAACCGAATC-1","Memory CD4 T"
"877","CACTTAACCGTACA-1","B"
"878","CACTTTGACTCTAT-1","CD8 T"
"879","CACTTTGAGCTGTA-1","CD8 T"
"880","CAGAAGCTCTCAAG-1","Naive CD4 T"
"881","CAGACATGAACGGG-1","Naive CD4 T"
"882","CAGACATGTCGACA-1","Memory CD4 T"
"883","CAGACCCTAAGGTA-1","FCGR3A+ Mono"
"884","CAGACCCTAATGCC-1","Naive CD4 T"
"885","CAGACCCTAGGAGC-1","Memory CD4 T"
"886","CAGACTGAGTATGC-1","Naive CD4 T"
"887","CAGATCGAATGTCG-1","B"
"888","CAGATCGACCTGAA-1","CD8 T"
"889","CAGATCGATATGGC-1","Memory CD4 T"
"890","CAGATGACATTCTC-1","NK"
"891","CAGCAATGCCTTCG-1","Naive CD4 T"
"892","CAGCAATGGAGGGT-1","NK"
"893","CAGCAATGGTGCTA-1","Naive CD4 T"
"894","CAGCAATGTCTACT-1","CD14+ Mono"
"895","CAGCAATGTGACCA-1","Memory CD4 T"
"896","CAGCAATGTGAGGG-1","CD14+ Mono"
"897","CAGCACCTAAGCCT-1","Naive CD4 T"
"898","CAGCACCTAGGCGA-1","Naive CD4 T"
"899","CAGCACCTGTAGGG-1","CD14+ Mono"
"900","CAGCATGACAACCA-1","CD14+ Mono"
"901","CAGCATGAGACGTT-1","CD8 T"
"902","CAGCCTACCCAACA-1","Memory CD4 T"
"903","CAGCCTTGCTACCC-1","CD14+ Mono"
"904","CAGCCTTGGGGACA-1","Memory CD4 T"
"905","CAGCGGACACCCTC-1","Naive CD4 T"
"906","CAGCGGACCTTTAC-1","NK"
"907","CAGCGTCTAAAGCA-1","Memory CD4 T"
"908","CAGCGTCTTATCGG-1","Memory CD4 T"
"909","CAGCTAGATGTGAC-1","CD14+ Mono"
"910","CAGCTCTGAGGCGA-1","Memory CD4 T"
"911","CAGCTCTGCAAGCT-1","CD8 T"
"912","CAGCTCTGTCGTAG-1","CD14+ Mono"
"913","CAGCTCTGTGTGGT-1","NK"
"914","CAGGAACTAACTGC-1","CD8 T"
"915","CAGGAACTCTCAGA-1","CD14+ Mono"
"916","CAGGCCGAACACCA-1","Naive CD4 T"
"917","CAGGCCGAACACGT-1","Memory CD4 T"
"918","CAGGCCGAACGACT-1","Naive CD4 T"
"919","CAGGCCGAATCTCT-1","FCGR3A+ Mono"
"920","CAGGCCGACTAGCA-1","B"
"921","CAGGGCACCATACG-1","B"
"922","CAGGGCACCCAACA-1","Naive CD4 T"
"923","CAGGGCACTCCCGT-1","Memory CD4 T"
"924","CAGGTAACAGACTC-1","CD14+ Mono"
"925","CAGGTATGAGTCGT-1","Naive CD4 T"
"926","CAGGTATGTGCTTT-1","Memory CD4 T"
"927","CAGGTTGAGGATCT-1","B"
"928","CAGTGATGGACGGA-1","B"
"929","CAGTGATGGCTAAC-1","CD8 T"
"930","CAGTGATGGGACAG-1","Memory CD4 T"
"931","CAGTGATGTAAGGA-1","B"
"932","CAGTGATGTACGCA-1","B"
"933","CAGTGTGATGTCAG-1","Naive CD4 T"
"934","CAGTTACTAAGGTA-1","B"
"935","CAGTTACTGATAGA-1","Memory CD4 T"
"936","CAGTTGGAAAGAGT-1","CD14+ Mono"
"937","CAGTTGGACATACG-1","Memory CD4 T"
"938","CAGTTTACACACGT-1","NK"
"939","CAGTTTACCCCAAA-1","Naive CD4 T"
"940","CATAAAACGGAGCA-1","CD14+ Mono"
"941","CATAAATGAACTGC-1","Naive CD4 T"
"942","CATAACCTTCTCCG-1","Memory CD4 T"
"943","CATACTACCTCGAA-1","Naive CD4 T"
"944","CATACTACCTGAAC-1","Naive CD4 T"
"945","CATACTACGTACCA-1","CD14+ Mono"
"946","CATACTTGGGTTAC-1","FCGR3A+ Mono"
"947","CATAGTCTAATCGC-1","Naive CD4 T"
"948","CATAGTCTCACTTT-1","Naive CD4 T"
"949","CATATAGACTAAGC-1","DC"
"950","CATATAGATCAGGT-1","B"
"951","CATCAACTAGAAGT-1","Memory CD4 T"
"952","CATCAACTCCCTCA-1","Naive CD4 T"
"953","CATCAGGACTTCCG-1","NK"
"954","CATCAGGATAGCCA-1","NK"
"955","CATCAGGATCCTAT-1","FCGR3A+ Mono"
"956","CATCAGGATGCACA-1","CD14+ Mono"
"957","CATCAGGATTTCGT-1","CD14+ Mono"
"958","CATCATACCGCATA-1","CD14+ Mono"
"959","CATCATACGGAGCA-1","B"
"960","CATCATACTCAAGC-1","Naive CD4 T"
"961","CATCGCTGGGATCT-1","Memory CD4 T"
"962","CATCGCTGTGGCAT-1","B"
"963","CATCGGCTATGCTG-1","Memory CD4 T"
"964","CATCGGCTTTGGCA-1","Memory CD4 T"
"965","CATCTCCTATGTGC-1","B"
"966","CATCTCCTCGAACT-1","CD14+ Mono"
"967","CATGAGACACGGGA-1","B"
"968","CATGAGACGTTGAC-1","NK"
"969","CATGAGACTCGCCT-1","Naive CD4 T"
"970","CATGCCACGGGTGA-1","Naive CD4 T"
"971","CATGCCACTGCCAA-1","Memory CD4 T"
"972","CATGCGCTAGTCAC-1","FCGR3A+ Mono"
"973","CATGCGCTCAGATC-1","CD14+ Mono"
"974","CATGCGCTTTGCAG-1","FCGR3A+ Mono"
"975","CATGGCCTAGGGTG-1","CD14+ Mono"
"976","CATGGCCTGTGCAT-1","Naive CD4 T"
"977","CATGTACTATCGTG-1","CD8 T"
"978","CATGTTACAGTCGT-1","CD8 T"
"979","CATGTTACCTGAGT-1","Memory CD4 T"
"980","CATGTTTGGGGATG-1","CD14+ Mono"
"981","CATTACACACGGAG-1","B"
"982","CATTACACCAACTG-1","NK"
"983","CATTACACGGAGTG-1","Naive CD4 T"
"984","CATTACACTACTCT-1","Naive CD4 T"
"985","CATTAGCTCCACAA-1","CD14+ Mono"
"986","CATTGACTAGCGGA-1","CD14+ Mono"
"987","CATTGGGACTCGAA-1","Naive CD4 T"
"988","CATTGTACAGCGTT-1","Naive CD4 T"
"989","CATTGTACTCGATG-1","B"
"990","CATTGTACTTATCC-1","Naive CD4 T"
"991","CATTGTACTTTGCT-1","FCGR3A+ Mono"
"992","CATTGTTGCTAGTG-1","Naive CD4 T"
"993","CATTTCGACTCTAT-1","CD8 T"
"994","CATTTCGAGATACC-1","NK"
"995","CATTTGACCACACA-1","CD8 T"
"996","CATTTGACCCTGAA-1","CD8 T"
"997","CATTTGTGACGACT-1","B"
"998","CATTTGTGCATTGG-1","Naive CD4 T"
"999","CATTTGTGCGGAGA-1","Naive CD4 T"
"1000","CATTTGTGGGATCT-1","B"
"1001","CCAAAGTGCTACGA-1","CD14+ Mono"
"1002","CCAAAGTGTGAGAA-1","CD14+ Mono"
"1003","CCAACCTGAAGTAG-1","CD8 T"
"1004","CCAACCTGACGTAC-1","CD14+ Mono"
"1005","CCAACCTGTTCGCC-1","CD14+ Mono"
"1006","CCAAGAACCCAATG-1","Memory CD4 T"
"1007","CCAAGAACGTAGCT-1","Naive CD4 T"
"1008","CCAAGAACGTGTCA-1","Naive CD4 T"
"1009","CCAAGAACTACTGG-1","CD8 T"
"1010","CCAAGAACTCCTAT-1","B"
"1011","CCAAGATGTCATTC-1","Naive CD4 T"
"1012","CCAAGATGTTTCAC-1","Memory CD4 T"
"1013","CCAAGTGAGGAACG-1","Naive CD4 T"
"1014","CCAAGTGATCAAGC-1","Memory CD4 T"
"1015","CCAATTTGAACGTC-1","CD14+ Mono"
"1016","CCACCATGAACGTC-1","Naive CD4 T"
"1017","CCACCATGATCGGT-1","Naive CD4 T"
"1018","CCACCATGGACGAG-1","FCGR3A+ Mono"
"1019","CCACCATGGGGAGT-1","Naive CD4 T"
"1020","CCACCATGTCCTGC-1","CD8 T"
"1021","CCACTGACCCGCTT-1","CD14+ Mono"
"1022","CCACTGTGGGAAGC-1","CD14+ Mono"
"1023","CCACTGTGTGTAGC-1","Naive CD4 T"
"1024","CCACTTCTCGGGAA-1","CD14+ Mono"
"1025","CCAGAAACCCTGTC-1","B"
"1026","CCAGAAACGAACTC-1","Memory CD4 T"
"1027","CCAGAAACGGTCTA-1","Naive CD4 T"
"1028","CCAGACCTCTGAGT-1","CD14+ Mono"
"1029","CCAGACCTTGTGGT-1","Naive CD4 T"
"1030","CCAGCACTGCGATT-1","FCGR3A+ Mono"
"1031","CCAGCGGAAAGGCG-1","CD14+ Mono"
"1032","CCAGCGGACGACTA-1","CD14+ Mono"
"1033","CCAGCGGATGGGAG-1","Memory CD4 T"
"1034","CCAGCTACACAGTC-1","Naive CD4 T"
"1035","CCAGCTACCAGCTA-1","B"
"1036","CCAGGTCTACACCA-1","B"
"1037","CCAGGTCTAGCATC-1","CD14+ Mono"
"1038","CCAGGTCTATGGTC-1","Memory CD4 T"
"1039","CCAGTCACACTGGT-1","CD14+ Mono"
"1040","CCAGTCACACTGTG-1","B"
"1041","CCAGTCACGTTGTG-1","Naive CD4 T"
"1042","CCAGTGCTAACCAC-1","Memory CD4 T"
"1043","CCAGTGCTCGTAGT-1","Memory CD4 T"
"1044","CCATCCGAAAGCAA-1","Naive CD4 T"
"1045","CCATCCGAACGACT-1","Naive CD4 T"
"1046","CCATCCGAAGGTTC-1","B"
"1047","CCATCCGATTCGCC-1","CD14+ Mono"
"1048","CCATCGTGAACGGG-1","Memory CD4 T"
"1049","CCATCGTGCTAGAC-1","FCGR3A+ Mono"
"1050","CCCAACACCTCGCT-1","B"
"1051","CCCAACACGCATCA-1","Naive CD4 T"
"1052","CCCAACACTTTGTC-1","CD14+ Mono"
"1053","CCCAACTGCAATCG-1","CD14+ Mono"
"1054","CCCAGACTGCCTTC-1","CD14+ Mono"
"1055","CCCAGACTGGTTTG-1","B"
"1056","CCCAGACTTTCGCC-1","FCGR3A+ Mono"
"1057","CCCAGTTGCAGTTG-1","CD14+ Mono"
"1058","CCCAGTTGGGTACT-1","CD8 T"
"1059","CCCAGTTGTCTATC-1","B"
"1060","CCCGATTGTGTTTC-1","Memory CD4 T"
"1061","CCCGGAGAAGGGTG-1","CD14+ Mono"
"1062","CCCTACGAATTGGC-1","CD14+ Mono"
"1063","CCCTAGTGCAAAGA-1","Memory CD4 T"
"1064","CCCTCAGACACTTT-1","B"
"1065","CCCTCAGACGAGAG-1","Naive CD4 T"
"1066","CCCTCAGAGGTCAT-1","Naive CD4 T"
"1067","CCCTGAACTAAAGG-1","B"
"1068","CCCTGATGCAACCA-1","Naive CD4 T"
"1069","CCCTGATGCAAGCT-1","B"
"1070","CCCTTACTAACCAC-1","CD14+ Mono"
"1071","CCCTTACTGCAGTT-1","CD8 T"
"1072","CCGAAAACCTTGTT-1","FCGR3A+ Mono"
"1073","CCGACACTGGTTTG-1","Memory CD4 T"
"1074","CCGACTACCCAGTA-1","CD14+ Mono"
"1075","CCGACTACCGTGTA-1","Naive CD4 T"
"1076","CCGACTACTGAGGG-1","Memory CD4 T"
"1077","CCGATAGACCTAAG-1","Naive CD4 T"
"1078","CCGATAGAGTTGGT-1","CD14+ Mono"
"1079","CCGCGAGACACACA-1","CD14+ Mono"
"1080","CCGCGAGAGGTTCA-1","CD8 T"
"1081","CCGCTATGGGACGA-1","B"
"1082","CCGCTATGTGCAAC-1","CD14+ Mono"
"1083","CCGCTATGTGCACA-1","CD14+ Mono"
"1084","CCGGTACTGTCCTC-1","Naive CD4 T"
"1085","CCGTACACAAGCAA-1","Naive CD4 T"
"1086","CCGTACACAGCGTT-1","B"
"1087","CCGTACACGTCATG-1","CD8 T"
"1088","CCGTACACGTTGGT-1","CD14+ Mono"
"1089","CCGTACACTAACGC-1","CD8 T"
"1090","CCTAAACTTTCGTT-1","Naive CD4 T"
"1091","CCTAAGGACCCAAA-1","Naive CD4 T"
"1092","CCTAAGGACTAGCA-1","CD14+ Mono"
"1093","CCTAAGGAGGGCAA-1","CD8 T"
"1094","CCTAAGGATGATGC-1","Naive CD4 T"
"1095","CCTAAGGATGTCAG-1","Naive CD4 T"
"1096","CCTACCGACTCTTA-1","Naive CD4 T"
"1097","CCTACCGAGGGATG-1","B"
"1098","CCTAGAGAGGTGAG-1","B"
"1099","CCTATAACCAAAGA-1","Naive CD4 T"
"1100","CCTATAACGAGACG-1","FCGR3A+ Mono"
"1101","CCTATAACTCAGAC-1","Naive CD4 T"
"1102","CCTATAACTGCATG-1","FCGR3A+ Mono"
"1103","CCTCGAACACTTTC-1","NK"
"1104","CCTCGAACCCGTAA-1","FCGR3A+ Mono"
"1105","CCTCGAACGTATCG-1","Naive CD4 T"
"1106","CCTCGAACTTACTC-1","Memory CD4 T"
"1107","CCTCTACTCTTCGC-1","CD14+ Mono"
"1108","CCTCTACTGGCATT-1","Naive CD4 T"
"1109","CCTGACTGAAGTAG-1","CD8 T"
"1110","CCTGACTGGGGAGT-1","Naive CD4 T"
"1111","CCTGACTGTGTCTT-1","B"
"1112","CCTGCAACACGTTG-1","CD14+ Mono"
"1113","CCTGGACTCGTGAT-1","Memory CD4 T"
"1114","CCTTAATGCCCAAA-1","B"
"1115","CCTTAATGTTCTAC-1","FCGR3A+ Mono"
"1116","CCTTCACTACGACT-1","Naive CD4 T"
"1117","CCTTCACTCAGTCA-1","B"
"1118","CCTTCACTGGAGTG-1","CD14+ Mono"
"1119","CCTTTAGATTCATC-1","CD14+ Mono"
"1120","CGAACATGCCCTAC-1","CD14+ Mono"
"1121","CGAACATGTCAGAC-1","Memory CD4 T"
"1122","CGAAGACTGGAACG-1","CD8 T"
"1123","CGAAGACTGTTACG-1","Memory CD4 T"
"1124","CGAAGGGAAACCTG-1","CD8 T"
"1125","CGAAGGGATCCGAA-1","B"
"1126","CGAAGTACCAACTG-1","B"
"1127","CGAATCGAGGAGCA-1","CD14+ Mono"
"1128","CGAATCGAGGAGGT-1","Naive CD4 T"
"1129","CGACAAACCCATAG-1","Naive CD4 T"
"1130","CGACAAACCGACAT-1","B"
"1131","CGACCACTAAAGTG-1","NK"
"1132","CGACCACTGCCAAT-1","NK"
"1133","CGACCGGAAGGTCT-1","Naive CD4 T"
"1134","CGACCGGATGGAAA-1","Memory CD4 T"
"1135","CGACCTTGCTAGTG-1","Memory CD4 T"
"1136","CGACGTCTATCGTG-1","CD8 T"
"1137","CGACGTCTCGTGTA-1","Memory CD4 T"
"1138","CGACGTCTGAGGCA-1","Naive CD4 T"
"1139","CGACTCACGTCGTA-1","Naive CD4 T"
"1140","CGACTCACGTTGCA-1","Naive CD4 T"
"1141","CGACTCTGTGTGAC-1","Memory CD4 T"
"1142","CGACTGCTTCCTCG-1","CD14+ Mono"
"1143","CGAGAACTAAGGCG-1","CD8 T"
"1144","CGAGAACTACGTTG-1","Naive CD4 T"
"1145","CGAGAACTTGTTCT-1","CD14+ Mono"
"1146","CGAGATTGGACACT-1","CD8 T"
"1147","CGAGATTGGCCATA-1","CD8 T"
"1148","CGAGCCGAACACCA-1","Memory CD4 T"
"1149","CGAGCCGAGGCGAA-1","Memory CD4 T"
"1150","CGAGCGTGCTCCAC-1","Memory CD4 T"
"1151","CGAGCGTGGATACC-1","Memory CD4 T"
"1152","CGAGCGTGTATGCG-1","CD14+ Mono"
"1153","CGAGGAGACCTCCA-1","B"
"1154","CGAGGAGATGTCGA-1","Naive CD4 T"
"1155","CGAGGCACCTATGG-1","CD8 T"
"1156","CGAGGCACTATGCG-1","CD14+ Mono"
"1157","CGAGGCACTCTTCA-1","CD8 T"
"1158","CGAGGCTGACGCTA-1","NK"
"1159","CGAGGCTGGCAGTT-1","CD14+ Mono"
"1160","CGAGGGCTACGACT-1","B"
"1161","CGAGGGCTCGAATC-1","Naive CD4 T"
"1162","CGAGTATGTCACCC-1","FCGR3A+ Mono"
"1163","CGATACGAACAGTC-1","CD14+ Mono"
"1164","CGATACGACAGGAG-1","Memory CD4 T"
"1165","CGATACGATTCACT-1","B"
"1166","CGATAGACCCGTAA-1","CD14+ Mono"
"1167","CGATAGACCGTACA-1","Memory CD4 T"
"1168","CGATAGACGTAGGG-1","CD14+ Mono"
"1169","CGATAGACTGTTCT-1","Naive CD4 T"
"1170","CGATCAGAAGAACA-1","CD8 T"
"1171","CGATCAGAGAGGGT-1","Naive CD4 T"
"1172","CGATCAGAGGTACT-1","Memory CD4 T"
"1173","CGATCAGATGTGAC-1","DC"
"1174","CGATCCACCGGGAA-1","CD8 T"
"1175","CGATCCACTTCCAT-1","B"
"1176","CGCAAATGCTCGAA-1","Naive CD4 T"
"1177","CGCAACCTCCTTGC-1","Naive CD4 T"
"1178","CGCAACCTGGACGA-1","Naive CD4 T"
"1179","CGCACGGAGGACGA-1","B"
"1180","CGCACGGATCTTTG-1","Naive CD4 T"
"1181","CGCACTACAGAATG-1","Naive CD4 T"
"1182","CGCACTACAGCCAT-1","Memory CD4 T"
"1183","CGCACTACATTGGC-1","Memory CD4 T"
"1184","CGCACTACTCGCCT-1","B"
"1185","CGCACTACTCGTGA-1","CD8 T"
"1186","CGCACTTGTCACGA-1","CD14+ Mono"
"1187","CGCAGGACAGATCC-1","CD8 T"
"1188","CGCAGGACCTACTT-1","Naive CD4 T"
"1189","CGCAGGACTTGTCT-1","FCGR3A+ Mono"
"1190","CGCAGGTGCACTGA-1","Memory CD4 T"
"1191","CGCAGGTGCCATAG-1","FCGR3A+ Mono"
"1192","CGCAGGTGGGAACG-1","Memory CD4 T"
"1193","CGCATAGATCACGA-1","CD14+ Mono"
"1194","CGCCATACTGCAAC-1","Memory CD4 T"
"1195","CGCCATTGAGAGGC-1","Naive CD4 T"
"1196","CGCCATTGCTATGG-1","Memory CD4 T"
"1197","CGCCATTGGAGACG-1","Memory CD4 T"
"1198","CGCCATTGGAGCAG-1","B"
"1199","CGCCATTGTACTGG-1","B"
"1200","CGCCGAGAGCTTAG-1","NK"
"1201","CGCCTAACGAATGA-1","CD14+ Mono"
"1202","CGCCTAACTGCTCC-1","Memory CD4 T"
"1203","CGCGAGACACAGCT-1","Memory CD4 T"
"1204","CGCGAGACAGGTCT-1","B"
"1205","CGCGAGACGCTACA-1","Memory CD4 T"
"1206","CGCGATCTCAGTCA-1","CD14+ Mono"
"1207","CGCGATCTGTTGAC-1","CD14+ Mono"
"1208","CGCGATCTTTCTTG-1","B"
"1209","CGCGGATGGCCAAT-1","Memory CD4 T"
"1210","CGCTAAGAATGTCG-1","Memory CD4 T"
"1211","CGCTAAGACAACTG-1","Naive CD4 T"
"1212","CGCTAAGACCCTTG-1","Naive CD4 T"
"1213","CGCTACTGAACAGA-1","CD14+ Mono"
"1214","CGCTACTGAGAACA-1","Naive CD4 T"
"1215","CGCTACTGTGAGCT-1","Naive CD4 T"
"1216","CGCTACTGTTCCCG-1","CD8 T"
"1217","CGCTCATGCATTTC-1","CD14+ Mono"
"1218","CGGAATTGGTTTGG-1","Memory CD4 T"
"1219","CGGAATTGTGGAGG-1","Memory CD4 T"
"1220","CGGACCGATGCGTA-1","CD8 T"
"1221","CGGACCGATGGGAG-1","Naive CD4 T"
"1222","CGGACTCTAAACAG-1","B"
"1223","CGGACTCTCCAATG-1","Memory CD4 T"
"1224","CGGACTCTCCTCGT-1","CD8 T"
"1225","CGGAGGCTATTCCT-1","Naive CD4 T"
"1226","CGGAGGCTTGGATC-1","Naive CD4 T"
"1227","CGGATAACAACGAA-1","CD14+ Mono"
"1228","CGGATAACAGCTCA-1","Memory CD4 T"
"1229","CGGATAACTCAGTG-1","CD14+ Mono"
"1230","CGGCACGAACTCAG-1","CD8 T"
"1231","CGGCACGAAGGGTG-1","Naive CD4 T"
"1232","CGGCACGACTACGA-1","FCGR3A+ Mono"
"1233","CGGCATCTTAGAAG-1","CD8 T"
"1234","CGGCATCTTCGTAG-1","CD14+ Mono"
"1235","CGGCCAGAAAGGTA-1","Naive CD4 T"
"1236","CGGCCAGAGAGGCA-1","CD8 T"
"1237","CGGCGAACCAGTCA-1","CD14+ Mono"
"1238","CGGCGAACGACAAA-1","NK"
"1239","CGGCGAACGGTCTA-1","Memory CD4 T"
"1240","CGGCGAACTACTTC-1","NK"
"1241","CGGGACTGCGTGTA-1","Naive CD4 T"
"1242","CGGGACTGGAATAG-1","CD8 T"
"1243","CGGGCATGACCCAA-1","CD8 T"
"1244","CGGGCATGTCTCTA-1","NK"
"1245","CGGGCATGTTGTGG-1","Naive CD4 T"
"1246","CGGTAAACTCGCAA-1","Memory CD4 T"
"1247","CGGTCACTGTTTGG-1","Memory CD4 T"
"1248","CGGTCACTTACTTC-1","Memory CD4 T"
"1249","CGTAACGATCGCCT-1","Memory CD4 T"
"1250","CGTACCACACACAC-1","Memory CD4 T"
"1251","CGTACCACACGTTG-1","Naive CD4 T"
"1252","CGTACCACCTCATT-1","Naive CD4 T"
"1253","CGTACCACGGAGCA-1","Naive CD4 T"
"1254","CGTACCTGGCATCA-1","NK"
"1255","CGTAGCCTCTCTCG-1","CD14+ Mono"
"1256","CGTAGCCTGCGAAG-1","Memory CD4 T"
"1257","CGTAGCCTGTATGC-1","CD14+ Mono"
"1258","CGTCAAGAAAGGTA-1","CD14+ Mono"
"1259","CGTCAAGAACGTGT-1","Naive CD4 T"
"1260","CGTCAAGACAGAGG-1","Memory CD4 T"
"1261","CGTCAAGACAGGAG-1","CD8 T"
"1262","CGTCCATGCTCTTA-1","Naive CD4 T"
"1263","CGTCGACTTTCCGC-1","CD8 T"
"1264","CGTGATGACGCTAA-1","Naive CD4 T"
"1265","CGTGATGAGGTTCA-1","CD8 T"
"1266","CGTGCACTTATGGC-1","CD14+ Mono"
"1267","CGTGTAGAAAAACG-1","Memory CD4 T"
"1268","CGTGTAGACGATAC-1","NK"
"1269","CGTGTAGAGTTACG-1","NK"
"1270","CGTGTAGAGTTCAG-1","CD14+ Mono"
"1271","CGTGTAGATTCGGA-1","NK"
"1272","CGTTAGGAAACCAC-1","Memory CD4 T"
"1273","CGTTAGGATCATTC-1","CD14+ Mono"
"1274","CGTTATACCCTGAA-1","CD8 T"
"1275","CGTTTAACTGGTCA-1","Memory CD4 T"
"1276","CTAAACCTCTGACA-1","NK"
"1277","CTAAACCTGTGCAT-1","B"
"1278","CTAACACTAACGTC-1","Memory CD4 T"
"1279","CTAACACTAGTGCT-1","CD14+ Mono"
"1280","CTAACGGAACCGAT-1","NK"
"1281","CTAACGGATTTCTG-1","Naive CD4 T"
"1282","CTAACTACGGCAAG-1","Naive CD4 T"
"1283","CTAAGGACACCATG-1","Naive CD4 T"
"1284","CTAAGGACCGTTAG-1","Memory CD4 T"
"1285","CTAAGGACGCCATA-1","CD14+ Mono"
"1286","CTAAGGTGCCTAAG-1","B"
"1287","CTAAGGTGTTGCAG-1","Memory CD4 T"
"1288","CTAAGGTGTTTCTG-1","Naive CD4 T"
"1289","CTAATAGAGCTATG-1","Naive CD4 T"
"1290","CTAATGCTTGTGGT-1","CD14+ Mono"
"1291","CTACAACTCCCGTT-1","CD8 T"
"1292","CTACCTCTCAACCA-1","Memory CD4 T"
"1293","CTACGCACACCTAG-1","FCGR3A+ Mono"
"1294","CTACGCACTCTCCG-1","Memory CD4 T"
"1295","CTACGCACTGGTCA-1","NK"
"1296","CTACGGCTTTCTTG-1","CD14+ Mono"
"1297","CTACTATGAACCAC-1","CD14+ Mono"
"1298","CTACTATGATGTGC-1","CD14+ Mono"
"1299","CTACTATGCTAAGC-1","Memory CD4 T"
"1300","CTACTATGTAAAGG-1","B"
"1301","CTACTCCTATGTCG-1","NK"
"1302","CTACTCCTGCCATA-1","CD14+ Mono"
"1303","CTAGAGACACTTTC-1","Memory CD4 T"
"1304","CTAGAGACAGCATC-1","CD8 T"
"1305","CTAGAGACTTTGGG-1","FCGR3A+ Mono"
"1306","CTAGATCTCTCTAT-1","Memory CD4 T"
"1307","CTAGATCTTCGACA-1","Memory CD4 T"
"1308","CTAGGATGAGCCTA-1","B"
"1309","CTAGGATGATCGTG-1","B"
"1310","CTAGGCCTCTCAGA-1","Memory CD4 T"
"1311","CTAGGTGATGGTTG-1","FCGR3A+ Mono"
"1312","CTAGTTACCAGAGG-1","Memory CD4 T"
"1313","CTAGTTACCGCATA-1","Memory CD4 T"
"1314","CTAGTTACGAAACA-1","NK"
"1315","CTATAAGATCGTTT-1","B"
"1316","CTATACTGAGGTTC-1","CD14+ Mono"
"1317","CTATACTGCCAGTA-1","Naive CD4 T"
"1318","CTATACTGCGCTAA-1","CD14+ Mono"
"1319","CTATACTGCTACGA-1","NK"
"1320","CTATACTGTCTCAT-1","NK"
"1321","CTATACTGTTCGTT-1","Naive CD4 T"
"1322","CTATAGCTGTCACA-1","Naive CD4 T"
"1323","CTATAGCTTCGCTC-1","CD14+ Mono"
"1324","CTATAGCTTGCCTC-1","CD14+ Mono"
"1325","CTATCAACGAACTC-1","Naive CD4 T"
"1326","CTATCAACGCAGAG-1","Memory CD4 T"
"1327","CTATCAACTTTGGG-1","Naive CD4 T"
"1328","CTATCCCTCCACCT-1","CD14+ Mono"
"1329","CTATGTACGAGAGC-1","Memory CD4 T"
"1330","CTATGTACGCTTAG-1","Naive CD4 T"
"1331","CTATGTACTGTTTC-1","B"
"1332","CTATGTTGAAAGCA-1","Memory CD4 T"
"1333","CTATGTTGTCCTCG-1","Naive CD4 T"
"1334","CTATGTTGTCTCGC-1","Memory CD4 T"
"1335","CTATTGACAAACGA-1","CD14+ Mono"
"1336","CTATTGACACTGGT-1","CD14+ Mono"
"1337","CTATTGACGGTGAG-1","CD14+ Mono"
"1338","CTATTGTGGCAAGG-1","Naive CD4 T"
"1339","CTCAATTGGTTCAG-1","Memory CD4 T"
"1340","CTCAATTGGTTGCA-1","CD14+ Mono"
"1341","CTCAGAGATAGAAG-1","Naive CD4 T"
"1342","CTCAGCACTCTAGG-1","Memory CD4 T"
"1343","CTCAGCACTGAACC-1","CD14+ Mono"
"1344","CTCAGCACTTGCAG-1","Naive CD4 T"
"1345","CTCAGCTGAACCTG-1","CD14+ Mono"
"1346","CTCAGCTGCAGTTG-1","Naive CD4 T"
"1347","CTCAGGCTCGTTGA-1","FCGR3A+ Mono"
"1348","CTCAGGCTGCTAAC-1","Naive CD4 T"
"1349","CTCATTGACCTTAT-1","Memory CD4 T"
"1350","CTCATTGATGCTTT-1","FCGR3A+ Mono"
"1351","CTCCACGAGAGATA-1","DC"
"1352","CTCCATCTCTTAGG-1","Naive CD4 T"
"1353","CTCCATCTGACGAG-1","Naive CD4 T"
"1354","CTCCGAACAAGTGA-1","FCGR3A+ Mono"
"1355","CTCCTACTGCCTTC-1","CD14+ Mono"
"1356","CTCGAAGATGTGGT-1","Naive CD4 T"
"1357","CTCGAAGATTAGGC-1","CD14+ Mono"
"1358","CTCGACTGCTCTAT-1","Naive CD4 T"
"1359","CTCGACTGGGTGAG-1","Naive CD4 T"
"1360","CTCGACTGGTTGAC-1","NK"
"1361","CTCGAGCTCTGGAT-1","CD8 T"
"1362","CTCGCATGACTTTC-1","CD8 T"
"1363","CTCGCATGCTTAGG-1","Naive CD4 T"
"1364","CTCTAAACCTCGAA-1","Naive CD4 T"
"1365","CTCTAAACGGCGAA-1","Naive CD4 T"
"1366","CTCTAATGTCCAAG-1","CD14+ Mono"
"1367","CTGAACGACAGTCA-1","Memory CD4 T"
"1368","CTGAACGATGAGGG-1","Memory CD4 T"
"1369","CTGAAGACCCAACA-1","Memory CD4 T"
"1370","CTGAAGACGTGCAT-1","B"
"1371","CTGAAGTGAAGCCT-1","FCGR3A+ Mono"
"1372","CTGAAGTGCAGCTA-1","B"
"1373","CTGAAGTGGCTATG-1","Naive CD4 T"
"1374","CTGAAGTGTCCAGA-1","Naive CD4 T"
"1375","CTGAATCTGAATAG-1","Memory CD4 T"
"1376","CTGACAGAATCGTG-1","CD8 T"
"1377","CTGACCACAGCAAA-1","Naive CD4 T"
"1378","CTGAGAACCGGGAA-1","Memory CD4 T"
"1379","CTGAGAACGTAAAG-1","NK"
"1380","CTGATACTAGTAGA-1","Naive CD4 T"
"1381","CTGATTTGGTGTTG-1","CD14+ Mono"
"1382","CTGCAGCTAACCGT-1","Naive CD4 T"
"1383","CTGCAGCTGACACT-1","Naive CD4 T"
"1384","CTGCAGCTGGATTC-1","FCGR3A+ Mono"
"1385","CTGCAGCTTGGCAT-1","CD8 T"
"1386","CTGCCAACAGGAGC-1","Memory CD4 T"
"1387","CTGCCAACCAGCTA-1","Naive CD4 T"
"1388","CTGCCAACTAACCG-1","CD14+ Mono"
"1389","CTGCCAACTGCTCC-1","CD8 T"
"1390","CTGCCAACTTGCAG-1","Naive CD4 T"
"1391","CTGCCAACTTGCTT-1","CD8 T"
"1392","CTGCGACTCCACCT-1","CD8 T"
"1393","CTGGAAACAAACGA-1","CD8 T"
"1394","CTGGAAACATCGAC-1","Naive CD4 T"
"1395","CTGGATGACTGGAT-1","CD8 T"
"1396","CTGGATGACTTGTT-1","Memory CD4 T"
"1397","CTGGATGATGTGAC-1","B"
"1398","CTGGCACTCAAGCT-1","CD14+ Mono"
"1399","CTGTAACTAACCAC-1","Memory CD4 T"
"1400","CTGTAACTAGCGTT-1","Naive CD4 T"
"1401","CTGTATACGTAAAG-1","Naive CD4 T"
"1402","CTGTATACGTACGT-1","CD14+ Mono"
"1403","CTGTATACGTTGGT-1","Naive CD4 T"
"1404","CTGTGAGACAACCA-1","FCGR3A+ Mono"
"1405","CTGTGAGACCTTGC-1","CD8 T"
"1406","CTGTGAGACGAACT-1","CD14+ Mono"
"1407","CTGTGAGACTGTAG-1","CD14+ Mono"
"1408","CTTAAAGAACCTGA-1","Naive CD4 T"
"1409","CTTAACACCTGTAG-1","Naive CD4 T"
"1410","CTTAACACTATCGG-1","B"
"1411","CTTAAGCTACCTAG-1","Naive CD4 T"
"1412","CTTAAGCTAGTACC-1","Naive CD4 T"
"1413","CTTAAGCTCATCAG-1","Naive CD4 T"
"1414","CTTAAGCTCCGCTT-1","B"
"1415","CTTACAACTAACGC-1","Naive CD4 T"
"1416","CTTACAACTCCCGT-1","CD14+ Mono"
"1417","CTTACTGACGTACA-1","Naive CD4 T"
"1418","CTTAGACTAAACGA-1","Memory CD4 T"
"1419","CTTAGGGACTTGCC-1","Memory CD4 T"
"1420","CTTAGGGAGAATCC-1","Naive CD4 T"
"1421","CTTATCGACTCATT-1","Memory CD4 T"
"1422","CTTCACCTACCTGA-1","FCGR3A+ Mono"
"1423","CTTCATGAAGCATC-1","B"
"1424","CTTCATGAAGTACC-1","Naive CD4 T"
"1425","CTTCATGACCGAAT-1","CD8 T"
"1426","CTTGAACTACGCAT-1","Naive CD4 T"
"1427","CTTGATTGAGGTTC-1","CD8 T"
"1428","CTTGATTGATCTTC-1","CD14+ Mono"
"1429","CTTGATTGCATTCT-1","Memory CD4 T"
"1430","CTTGATTGTTTCGT-1","Memory CD4 T"
"1431","CTTGTATGACACCA-1","B"
"1432","CTTGTATGCGCAAT-1","B"
"1433","CTTTACGAGCGAAG-1","Naive CD4 T"
"1434","CTTTAGACCGTGAT-1","Naive CD4 T"
"1435","CTTTAGACGAGACG-1","Naive CD4 T"
"1436","CTTTAGACGATACC-1","Naive CD4 T"
"1437","CTTTAGACGTTGGT-1","CD8 T"
"1438","CTTTAGACTCATTC-1","CD8 T"
"1439","CTTTAGTGACGGGA-1","NK"
"1440","CTTTAGTGGGTGGA-1","Naive CD4 T"
"1441","CTTTCAGAGAAACA-1","Naive CD4 T"
"1442","CTTTGATGAGCACT-1","Naive CD4 T"
"1443","CTTTGATGTCTAGG-1","CD8 T"
"1444","CTTTGATGTGTCCC-1","Memory CD4 T"
"1445","CTTTGATGTGTGGT-1","Naive CD4 T"
"1446","GAAACAGAACTACG-1","Naive CD4 T"
"1447","GAAACAGAATCACG-1","Naive CD4 T"
"1448","GAAACAGACATTCT-1","Naive CD4 T"
"1449","GAAACCTGATCGTG-1","Naive CD4 T"
"1450","GAAACCTGATGCCA-1","Memory CD4 T"
"1451","GAAACCTGCTTATC-1","Memory CD4 T"
"1452","GAAACCTGGACTAC-1","FCGR3A+ Mono"
"1453","GAAACCTGTGCTAG-1","Memory CD4 T"
"1454","GAAAGATGATTTCC-1","Memory CD4 T"
"1455","GAAAGATGCTGATG-1","FCGR3A+ Mono"
"1456","GAAAGATGCTTCGC-1","CD14+ Mono"
"1457","GAAAGATGTAAGGA-1","Naive CD4 T"
"1458","GAAAGCCTACGTTG-1","B"
"1459","GAAAGTGAAAGTGA-1","DC"
"1460","GAAAGTGACCACAA-1","CD14+ Mono"
"1461","GAAAGTGACTCAAG-1","Memory CD4 T"
"1462","GAAATACTACCAAC-1","CD14+ Mono"
"1463","GAAATACTCTTAGG-1","B"
"1464","GAAATACTTCCTCG-1","Memory CD4 T"
"1465","GAACACACGTGCAT-1","CD14+ Mono"
"1466","GAACACACTGCCTC-1","Naive CD4 T"
"1467","GAACAGCTAACTGC-1","FCGR3A+ Mono"
"1468","GAACAGCTCTCAGA-1","FCGR3A+ Mono"
"1469","GAACCAACCACAAC-1","Naive CD4 T"
"1470","GAACCAACTTCCGC-1","NK"
"1471","GAACCTGAACGTGT-1","Memory CD4 T"
"1472","GAACCTGAGAGACG-1","Memory CD4 T"
"1473","GAACCTGATGAACC-1","Memory CD4 T"
"1474","GAACGGGATACTTC-1","Naive CD4 T"
"1475","GAACTGTGACCTGA-1","FCGR3A+ Mono"
"1476","GAACTGTGCCAGTA-1","CD14+ Mono"
"1477","GAAGAATGCAATCG-1","Naive CD4 T"
"1478","GAAGCGGACCTATT-1","CD14+ Mono"
"1479","GAAGCTACGAATGA-1","CD14+ Mono"
"1480","GAAGCTACGGTTTG-1","Memory CD4 T"
"1481","GAAGGGTGAAAGTG-1","Memory CD4 T"
"1482","GAAGGGTGCTTAGG-1","CD14+ Mono"
"1483","GAAGGTCTGAAAGT-1","Memory CD4 T"
"1484","GAAGGTCTGTTGCA-1","Naive CD4 T"
"1485","GAAGGTCTTAAAGG-1","DC"
"1486","GAAGTAGACTCCCA-1","CD8 T"
"1487","GAAGTAGATCCAAG-1","FCGR3A+ Mono"
"1488","GAAGTCACCCTCGT-1","CD14+ Mono"
"1489","GAAGTCACCCTGTC-1","B"
"1490","GAAGTCTGTCGCAA-1","B"
"1491","GAAGTCTGTTCTGT-1","Naive CD4 T"
"1492","GAAGTGCTAAACGA-1","NK"
"1493","GAAGTGCTCCGCTT-1","CD14+ Mono"
"1494","GAAGTGCTTAACCG-1","Memory CD4 T"
"1495","GAATGCACCCTAAG-1","Memory CD4 T"
"1496","GAATGCACCTTCGC-1","NK"
"1497","GAATGCTGCGGTAT-1","Naive CD4 T"
"1498","GAATTAACGATAAG-1","Naive CD4 T"
"1499","GAATTAACGGTCAT-1","Naive CD4 T"
"1500","GAATTAACGTCGTA-1","NK"
"1501","GAATTAACTGAAGA-1","B"
"1502","GACAACACAGGCGA-1","Naive CD4 T"
"1503","GACAACACATCGTG-1","Naive CD4 T"
"1504","GACAACACTCGCCT-1","Naive CD4 T"
"1505","GACAACTGAGGTTC-1","Memory CD4 T"
"1506","GACAGGGAAGAGTA-1","B"
"1507","GACAGGGAATGCCA-1","Memory CD4 T"
"1508","GACAGTACGAGCTT-1","FCGR3A+ Mono"
"1509","GACAGTACTTCGGA-1","FCGR3A+ Mono"
"1510","GACAGTTGAGTAGA-1","B"
"1511","GACATTCTCCACCT-1","DC"
"1512","GACCAAACGACTAC-1","CD14+ Mono"
"1513","GACCAAACGTATCG-1","CD14+ Mono"
"1514","GACCCTACTAAAGG-1","B"
"1515","GACCTAGACCTCAC-1","Naive CD4 T"
"1516","GACCTAGACGAGAG-1","Memory CD4 T"
"1517","GACCTCACAAGGTA-1","Naive CD4 T"
"1518","GACCTCACGTACGT-1","CD14+ Mono"
"1519","GACCTCTGCATCAG-1","Naive CD4 T"
"1520","GACGAACTCCCACT-1","Naive CD4 T"
"1521","GACGATTGCCAATG-1","B"
"1522","GACGCCGACCTTCG-1","Memory CD4 T"
"1523","GACGCTCTCTCTCG-1","Platelet"
"1524","GACGGCACACGGGA-1","NK"
"1525","GACGGCACGAGATA-1","CD14+ Mono"
"1526","GACGTAACCTATGG-1","Naive CD4 T"
"1527","GACGTAACCTGTGA-1","Memory CD4 T"
"1528","GACGTAACTATGGC-1","Memory CD4 T"
"1529","GACGTATGTTGACG-1","Naive CD4 T"
"1530","GACGTATGTTTGCT-1","Naive CD4 T"
"1531","GACGTCCTACGGAG-1","Memory CD4 T"
"1532","GACGTCCTCTCAAG-1","CD14+ Mono"
"1533","GACGTCCTGATAAG-1","B"
"1534","GACTACGATGGTCA-1","B"
"1535","GACTCCTGCTCGCT-1","Naive CD4 T"
"1536","GACTCCTGGGTTAC-1","Naive CD4 T"
"1537","GACTCCTGTTATCC-1","Memory CD4 T"
"1538","GACTCCTGTTGGTG-1","CD14+ Mono"
"1539","GACTGAACCAATCG-1","CD14+ Mono"
"1540","GACTGATGTGATGC-1","Naive CD4 T"
"1541","GACTTTACATGCCA-1","Naive CD4 T"
"1542","GACTTTACGACAGG-1","B"
"1543","GAGAAATGTTCTCA-1","B"
"1544","GAGATAGAAAAAGC-1","CD14+ Mono"
"1545","GAGATCACGACAAA-1","FCGR3A+ Mono"
"1546","GAGATGCTCTGGAT-1","CD8 T"
"1547","GAGATGCTGAATGA-1","Memory CD4 T"
"1548","GAGCAGGATTCCCG-1","CD8 T"
"1549","GAGCATACTTTGCT-1","FCGR3A+ Mono"
"1550","GAGCGCACGCGTAT-1","CD14+ Mono"
"1551","GAGCGCACGGTGAG-1","CD8 T"
"1552","GAGCGCTGAAGATG-1","NK"
"1553","GAGCGCTGTCTTAC-1","CD14+ Mono"
"1554","GAGCGGCTGGGAGT-1","B"
"1555","GAGGACGACTCAGA-1","Naive CD4 T"
"1556","GAGGATCTGAAAGT-1","B"
"1557","GAGGCAGACTTGCC-1","CD8 T"
"1558","GAGGGAACACCAGT-1","Memory CD4 T"
"1559","GAGGGAACGAGGGT-1","Memory CD4 T"
"1560","GAGGGATGGGAAAT-1","Naive CD4 T"
"1561","GAGGGCCTTCACCC-1","Memory CD4 T"
"1562","GAGGGTGAAGAGTA-1","Naive CD4 T"
"1563","GAGGTACTACGGTT-1","Naive CD4 T"
"1564","GAGGTACTACTCAG-1","CD14+ Mono"
"1565","GAGGTACTGACACT-1","NK"
"1566","GAGGTACTGGGAGT-1","Naive CD4 T"
"1567","GAGGTACTTAGCGT-1","CD14+ Mono"
"1568","GAGGTGGAGTACGT-1","Naive CD4 T"
"1569","GAGGTGGATCCTCG-1","NK"
"1570","GAGGTTACTCGTTT-1","CD14+ Mono"
"1571","GAGGTTTGTAAGCC-1","CD14+ Mono"
"1572","GAGTCAACCATTCT-1","Naive CD4 T"
"1573","GAGTCAACGGGAGT-1","Naive CD4 T"
"1574","GAGTCTGATCGTGA-1","Memory CD4 T"
"1575","GAGTCTGATTTGGG-1","B"
"1576","GAGTGACTCAGCTA-1","Memory CD4 T"
"1577","GAGTGACTCGGTAT-1","CD8 T"
"1578","GAGTGACTCTTGCC-1","B"
"1579","GAGTGACTGACTAC-1","B"
"1580","GAGTGACTGTCTAG-1","Naive CD4 T"
"1581","GAGTGGGAGTCTTT-1","B"
"1582","GAGTGGGATGCCCT-1","Naive CD4 T"
"1583","GAGTGGGATGCTGA-1","B"
"1584","GAGTGTTGCTGTAG-1","Memory CD4 T"
"1585","GAGTGTTGTGGTCA-1","Naive CD4 T"
"1586","GAGTTGTGCATGGT-1","CD14+ Mono"
"1587","GAGTTGTGCTGAGT-1","CD8 T"
"1588","GAGTTGTGGCGAGA-1","CD14+ Mono"
"1589","GAGTTGTGGTAGCT-1","Platelet"
"1590","GAGTTGTGTATGCG-1","FCGR3A+ Mono"
"1591","GATAAGGAGAAACA-1","CD14+ Mono"
"1592","GATAAGGATTCACT-1","CD14+ Mono"
"1593","GATACTCTATCGGT-1","Naive CD4 T"
"1594","GATACTCTTACTTC-1","Naive CD4 T"
"1595","GATACTCTTGACTG-1","CD14+ Mono"
"1596","GATAGAGAAGGGTG-1","NK"
"1597","GATAGAGACTGTGA-1","Naive CD4 T"
"1598","GATAGAGATCACGA-1","CD14+ Mono"
"1599","GATAGCACCCATAG-1","Memory CD4 T"
"1600","GATAGCACGAAGGC-1","CD14+ Mono"
"1601","GATAGCACTTGTCT-1","Naive CD4 T"
"1602","GATATAACAAGGTA-1","Memory CD4 T"
"1603","GATATAACACGCAT-1","Naive CD4 T"
"1604","GATATATGCTGGAT-1","Naive CD4 T"
"1605","GATATATGTCCGTC-1","CD8 T"
"1606","GATATATGTGGAGG-1","CD14+ Mono"
"1607","GATATCCTAGAAGT-1","Naive CD4 T"
"1608","GATATCCTCCCGTT-1","CD14+ Mono"
"1609","GATATTGACAGGAG-1","CD8 T"
"1610","GATATTGACGAGTT-1","FCGR3A+ Mono"
"1611","GATATTGAGCCAAT-1","Naive CD4 T"
"1612","GATCCCTGACCTTT-1","NK"
"1613","GATCCCTGTGTAGC-1","CD8 T"
"1614","GATCCGCTGGTCAT-1","CD14+ Mono"
"1615","GATCGAACCGAGAG-1","Memory CD4 T"
"1616","GATCGATGACTAGC-1","B"
"1617","GATCGATGGTAAAG-1","B"
"1618","GATCGATGTAAGGA-1","CD14+ Mono"
"1619","GATCGTGACACTAG-1","Naive CD4 T"
"1620","GATCGTGATTCACT-1","Memory CD4 T"
"1621","GATCTACTGGTGAG-1","Memory CD4 T"
"1622","GATCTACTTTGCAG-1","B"
"1623","GATCTTACACCCAA-1","FCGR3A+ Mono"
"1624","GATCTTACCCTACC-1","Memory CD4 T"
"1625","GATCTTACGAATAG-1","CD14+ Mono"
"1626","GATCTTACGAGATA-1","CD14+ Mono"
"1627","GATGCAACTCCAGA-1","Naive CD4 T"
"1628","GATGCCCTACGTAC-1","Memory CD4 T"
"1629","GATGCCCTCTCATT-1","Naive CD4 T"
"1630","GATGCCCTGGCAAG-1","CD14+ Mono"
"1631","GATGCCCTTTTGCT-1","Naive CD4 T"
"1632","GATTACCTTGTTCT-1","Naive CD4 T"
"1633","GATTCGGAACGACT-1","Naive CD4 T"
"1634","GATTCGGACAGGAG-1","CD14+ Mono"
"1635","GATTCGGAGAAGGC-1","FCGR3A+ Mono"
"1636","GATTCTTGATTCGG-1","CD14+ Mono"
"1637","GATTCTTGCCGATA-1","Naive CD4 T"
"1638","GATTCTTGCGAGTT-1","B"
"1639","GATTGGACCCGTTC-1","B"
"1640","GATTGGACGGTGTT-1","B"
"1641","GATTGGACTTTCGT-1","B"
"1642","GATTGGTGTGTCAG-1","Memory CD4 T"
"1643","GATTTAGACACTCC-1","FCGR3A+ Mono"
"1644","GATTTAGACTAAGC-1","B"
"1645","GATTTAGATTCGTT-1","CD14+ Mono"
"1646","GATTTGCTAACGAA-1","Naive CD4 T"
"1647","GATTTGCTAACGGG-1","CD14+ Mono"
"1648","GCAACCCTCCTCGT-1","CD14+ Mono"
"1649","GCAACTGATTGCGA-1","Naive CD4 T"
"1650","GCAAGACTACTGGT-1","Memory CD4 T"
"1651","GCAAGACTAGGTCT-1","Memory CD4 T"
"1652","GCAAGACTCCCTTG-1","Naive CD4 T"
"1653","GCAATCGACTGCAA-1","CD8 T"
"1654","GCAATCGAGACGTT-1","CD14+ Mono"
"1655","GCAATCGATCCTTA-1","CD14+ Mono"
"1656","GCAATTCTCGTGTA-1","Memory CD4 T"
"1657","GCAATTCTTCTCCG-1","Memory CD4 T"
"1658","GCACAAACAATGCC-1","CD8 T"
"1659","GCACAAACGGTACT-1","Memory CD4 T"
"1660","GCACAATGGTGCAT-1","CD14+ Mono"
"1661","GCACACCTGTGCTA-1","NK"
"1662","GCACCACTCATGAC-1","CD14+ Mono"
"1663","GCACCACTGTTTGG-1","CD14+ Mono"
"1664","GCACCACTTCCTTA-1","NK"
"1665","GCACCACTTTCGGA-1","CD14+ Mono"
"1666","GCACCTACGCGATT-1","Memory CD4 T"
"1667","GCACCTTGGCTGTA-1","Naive CD4 T"
"1668","GCACCTTGGGGAGT-1","CD14+ Mono"
"1669","GCACGGACCAGCTA-1","Memory CD4 T"
"1670","GCACGGTGACCTCC-1","Memory CD4 T"
"1671","GCACGGTGCTATGG-1","CD14+ Mono"
"1672","GCACTAGAACGGGA-1","Memory CD4 T"
"1673","GCACTAGAAGATGA-1","B"
"1674","GCACTAGACCTTTA-1","FCGR3A+ Mono"
"1675","GCACTAGACGTAAC-1","B"
"1676","GCACTAGAGTCGTA-1","NK"
"1677","GCACTAGATGCAAC-1","Naive CD4 T"
"1678","GCACTGCTGAGGCA-1","CD8 T"
"1679","GCAGATACAGCGTT-1","CD8 T"
"1680","GCAGATACGACGGA-1","Naive CD4 T"
"1681","GCAGATACGCAGAG-1","Naive CD4 T"
"1682","GCAGCCGACAGTCA-1","Naive CD4 T"
"1683","GCAGCGTGCACTCC-1","Naive CD4 T"
"1684","GCAGCTCTCAATCG-1","Naive CD4 T"
"1685","GCAGCTCTGTTTCT-1","Memory CD4 T"
"1686","GCAGGGCTAAGAAC-1","Naive CD4 T"
"1687","GCAGGGCTAAGGGC-1","Naive CD4 T"
"1688","GCAGGGCTATCGAC-1","NK"
"1689","GCAGGGCTTGGGAG-1","CD8 T"
"1690","GCAGTCCTAACTGC-1","Memory CD4 T"
"1691","GCAGTCCTCTCTTA-1","Naive CD4 T"
"1692","GCATCAGATGCGTA-1","CD8 T"
"1693","GCATGTGACAAGCT-1","Naive CD4 T"
"1694","GCATTGGAGAAGGC-1","Memory CD4 T"
"1695","GCCAAAACGAGGCA-1","CD8 T"
"1696","GCCAAATGATCGAC-1","Memory CD4 T"
"1697","GCCAACCTACGGTT-1","Naive CD4 T"
"1698","GCCAACCTCGCCTT-1","Naive CD4 T"
"1699","GCCACGGAGGCGAA-1","CD14+ Mono"
"1700","GCCACGGATACTGG-1","Naive CD4 T"
"1701","GCCACTACGTCTTT-1","Memory CD4 T"
"1702","GCCCAACTACCGAT-1","Naive CD4 T"
"1703","GCCCAACTATGGTC-1","CD8 T"
"1704","GCCCATACAGCGTT-1","CD8 T"
"1705","GCCGACGAACTCTT-1","CD14+ Mono"
"1706","GCCGAGTGCGTTGA-1","Memory CD4 T"
"1707","GCCGGAACGAACTC-1","CD8 T"
"1708","GCCGGAACGTTCTT-1","NK"
"1709","GCCGGAACTGCACA-1","CD8 T"
"1710","GCCGGAACTTACTC-1","Memory CD4 T"
"1711","GCCGTACTACCTGA-1","Naive CD4 T"
"1712","GCCGTACTGGCAAG-1","CD14+ Mono"
"1713","GCCTACACAGTTCG-1","NK"
"1714","GCCTACACCACTGA-1","FCGR3A+ Mono"
"1715","GCCTACACCTTGAG-1","Naive CD4 T"
"1716","GCCTAGCTACGGAG-1","B"
"1717","GCCTAGCTCTATTC-1","Naive CD4 T"
"1718","GCCTAGCTTCTCAT-1","Naive CD4 T"
"1719","GCCTAGCTTCTCTA-1","FCGR3A+ Mono"
"1720","GCCTCAACCATGGT-1","Naive CD4 T"
"1721","GCCTCAACTCTTTG-1","Memory CD4 T"
"1722","GCCTCATGTCTTAC-1","CD8 T"
"1723","GCCTGACTCTCAAG-1","CD14+ Mono"
"1724","GCGAAGGAACTCTT-1","Naive CD4 T"
"1725","GCGAAGGATGCCAA-1","Naive CD4 T"
"1726","GCGAGAGAGGGACA-1","Naive CD4 T"
"1727","GCGAGCACTGTCGA-1","B"
"1728","GCGAGCACTTGACG-1","Naive CD4 T"
"1729","GCGAGCACTTGCTT-1","CD14+ Mono"
"1730","GCGATATGGTACGT-1","Naive CD4 T"
"1731","GCGATATGGTGTTG-1","Naive CD4 T"
"1732","GCGCACGAAGTCGT-1","Naive CD4 T"
"1733","GCGCACGACTTTAC-1","CD14+ Mono"
"1734","GCGCATCTAGGTCT-1","Naive CD4 T"
"1735","GCGCATCTGGTTAC-1","Platelet"
"1736","GCGCATCTTCGATG-1","Naive CD4 T"
"1737","GCGCATCTTGCTCC-1","NK"
"1738","GCGCATCTTTCTAC-1","Naive CD4 T"
"1739","GCGCGAACGTTCTT-1","B"
"1740","GCGCGATGAACGGG-1","Naive CD4 T"
"1741","GCGCGATGGTGCAT-1","NK"
"1742","GCGGAGCTCCTGAA-1","Naive CD4 T"
"1743","GCGGCAACCCGATA-1","Naive CD4 T"
"1744","GCGGCAACGGAGGT-1","B"
"1745","GCGGCAACTGTCGA-1","CD14+ Mono"
"1746","GCGTAAACACGGTT-1","DC"
"1747","GCGTAATGCACCAA-1","FCGR3A+ Mono"
"1748","GCGTATGAACACCA-1","Naive CD4 T"
"1749","GCGTATGATGAGAA-1","CD14+ Mono"
"1750","GCTACAGAAAGGTA-1","Naive CD4 T"
"1751","GCTACAGAATCTTC-1","B"
"1752","GCTACCTGAGAAGT-1","CD14+ Mono"
"1753","GCTACCTGATCACG-1","Memory CD4 T"
"1754","GCTACGCTAGAATG-1","Naive CD4 T"
"1755","GCTACGCTAGCTAC-1","Memory CD4 T"
"1756","GCTACGCTCCCTAC-1","Memory CD4 T"
"1757","GCTAGAACAGAGGC-1","B"
"1758","GCTAGAACGGATCT-1","Memory CD4 T"
"1759","GCTAGAACTCCCGT-1","Naive CD4 T"
"1760","GCTAGATGAGCTCA-1","CD14+ Mono"
"1761","GCTAGATGGCGATT-1","CD8 T"
"1762","GCTATACTAAGGCG-1","Memory CD4 T"
"1763","GCTATACTAGCGTT-1","CD8 T"
"1764","GCTATACTCTCTTA-1","Naive CD4 T"
"1765","GCTATACTGGACGA-1","Memory CD4 T"
"1766","GCTCAAGAACCATG-1","FCGR3A+ Mono"
"1767","GCTCAAGAAGTCAC-1","CD14+ Mono"
"1768","GCTCAGCTGTCTAG-1","Naive CD4 T"
"1769","GCTCCATGAGAAGT-1","CD8 T"
"1770","GCTCCATGCCGAAT-1","Naive CD4 T"
"1771","GCTCGACTCTAGTG-1","CD14+ Mono"
"1772","GCTGATGAGGTATC-1","CD14+ Mono"
"1773","GCTTAACTACAGTC-1","CD14+ Mono"
"1774","GCTTAACTACTGGT-1","CD8 T"
"1775","GCTTAACTGCTGAT-1","Naive CD4 T"
"1776","GCTTAACTTAGACC-1","CD14+ Mono"
"1777","GCTTAACTTCAGTG-1","Naive CD4 T"
"1778","GGAACACTCACTTT-1","CD14+ Mono"
"1779","GGAACACTTCAGAC-1","Platelet"
"1780","GGAACTACTACTTC-1","Memory CD4 T"
"1781","GGAACTTGAAGGTA-1","CD14+ Mono"
"1782","GGAACTTGAGAATG-1","Memory CD4 T"
"1783","GGAACTTGCTCCAC-1","CD14+ Mono"
"1784","GGAACTTGGGTAGG-1","B"
"1785","GGAAGGACATCGGT-1","CD14+ Mono"
"1786","GGAAGGACCACTAG-1","Memory CD4 T"
"1787","GGAAGGACGAGGGT-1","Memory CD4 T"
"1788","GGAAGGACGCGAAG-1","Memory CD4 T"
"1789","GGAAGGTGGCGAGA-1","NK"
"1790","GGAATCTGAAGGGC-1","Memory CD4 T"
"1791","GGAATCTGAGGAGC-1","Memory CD4 T"
"1792","GGAATCTGCTTAGG-1","B"
"1793","GGAATCTGCTTGTT-1","CD14+ Mono"
"1794","GGAATCTGGGAGGT-1","Naive CD4 T"
"1795","GGAATGCTTTCTAC-1","Naive CD4 T"
"1796","GGACAGGAAAGGGC-1","CD8 T"
"1797","GGACAGGAGTGCTA-1","B"
"1798","GGACAGGATCTCGC-1","Memory CD4 T"
"1799","GGACCCGAAGCTAC-1","CD14+ Mono"
"1800","GGACCGTGCTTACT-1","CD14+ Mono"
"1801","GGACCGTGGGAACG-1","DC"
"1802","GGACCGTGTAACGC-1","Memory CD4 T"
"1803","GGACCTCTGTAAGA-1","CD14+ Mono"
"1804","GGACCTCTTTTCTG-1","CD8 T"
"1805","GGACGAGAGTGTCA-1","CD14+ Mono"
"1806","GGACGCTGACGCAT-1","CD8 T"
"1807","GGACGCTGCTAGCA-1","Naive CD4 T"
"1808","GGACGCTGTCCTCG-1","NK"
"1809","GGAGAGACGTGAGG-1","B"
"1810","GGAGCAGATTCAGG-1","B"
"1811","GGAGCCACCTTCTA-1","B"
"1812","GGAGCGCTACGCAT-1","CD14+ Mono"
"1813","GGAGCGCTCCGAAT-1","Memory CD4 T"
"1814","GGAGGATGCCACCT-1","Naive CD4 T"
"1815","GGAGGATGGTTGAC-1","CD14+ Mono"
"1816","GGAGGATGTCAGTG-1","CD14+ Mono"
"1817","GGAGGCCTCGTTGA-1","NK"
"1818","GGAGGCCTTTCTTG-1","Naive CD4 T"
"1819","GGAGGTGATACGCA-1","Memory CD4 T"
"1820","GGAGGTGATCGCTC-1","Memory CD4 T"
"1821","GGATACTGCAGCTA-1","Memory CD4 T"
"1822","GGATACTGTCTAGG-1","Memory CD4 T"
"1823","GGATAGCTCGTCTC-1","Memory CD4 T"
"1824","GGATAGCTCTGAAC-1","CD8 T"
"1825","GGATGTACCAAAGA-1","B"
"1826","GGATGTACGCGAAG-1","Naive CD4 T"
"1827","GGATGTACGTCTTT-1","CD14+ Mono"
"1828","GGATGTACGTGTCA-1","CD8 T"
"1829","GGATTTCTAGGTTC-1","Memory CD4 T"
"1830","GGATTTCTTTGTCT-1","CD14+ Mono"
"1831","GGCAAGGAAAAAGC-1","NK"
"1832","GGCAAGGAAGAAGT-1","Memory CD4 T"
"1833","GGCAAGGACTTGGA-1","CD14+ Mono"
"1834","GGCAAGGAGGACTT-1","Naive CD4 T"
"1835","GGCAATACGCTAAC-1","B"
"1836","GGCAATACGGCATT-1","CD8 T"
"1837","GGCAATACGTTTCT-1","B"
"1838","GGCACGTGGCTTAG-1","FCGR3A+ Mono"
"1839","GGCACTCTTTTGTC-1","Memory CD4 T"
"1840","GGCATATGCTTATC-1","NK"
"1841","GGCATATGGGGAGT-1","Platelet"
"1842","GGCATATGTGTGAC-1","Memory CD4 T"
"1843","GGCCACGACAGAGG-1","Naive CD4 T"
"1844","GGCCAGACTGGTTG-1","Memory CD4 T"
"1845","GGCCCAGAAAGTAG-1","CD14+ Mono"
"1846","GGCCGAACAACGAA-1","Naive CD4 T"
"1847","GGCCGAACGCAGAG-1","Naive CD4 T"
"1848","GGCCGAACGTAGGG-1","Naive CD4 T"
"1849","GGCCGAACTCTAGG-1","NK"
"1850","GGCCGATGCAGGAG-1","Memory CD4 T"
"1851","GGCCGATGCCGAAT-1","Memory CD4 T"
"1852","GGCCGATGTACTCT-1","CD8 T"
"1853","GGCGACACTGCCCT-1","CD8 T"
"1854","GGCGACTGCGTAAC-1","Memory CD4 T"
"1855","GGCGCATGCCTAAG-1","FCGR3A+ Mono"
"1856","GGCGCATGCTCCAC-1","Memory CD4 T"
"1857","GGCGCATGTGGAAA-1","Naive CD4 T"
"1858","GGCGGACTAGAGGC-1","Memory CD4 T"
"1859","GGCGGACTAGGAGC-1","CD8 T"
"1860","GGCGGACTCTGACA-1","Naive CD4 T"
"1861","GGCGGACTCTTGGA-1","CD8 T"
"1862","GGCGGACTTACTGG-1","Naive CD4 T"
"1863","GGCGGACTTGAACC-1","Memory CD4 T"
"1864","GGCTAAACACCTGA-1","NK"
"1865","GGCTAAACTCTTAC-1","Naive CD4 T"
"1866","GGCTAATGAGCACT-1","CD8 T"
"1867","GGCTAATGGTCTAG-1","Naive CD4 T"
"1868","GGCTCACTACTCAG-1","CD14+ Mono"
"1869","GGGAACGAAGCTCA-1","FCGR3A+ Mono"
"1870","GGGAACGACACAAC-1","B"
"1871","GGGAACGAGTGTCA-1","CD14+ Mono"
"1872","GGGAAGTGTTGAGC-1","CD14+ Mono"
"1873","GGGACCACACGTTG-1","CD8 T"
"1874","GGGACCACAGAACA-1","Naive CD4 T"
"1875","GGGACCACGAATAG-1","Memory CD4 T"
"1876","GGGACCACGTCATG-1","Naive CD4 T"
"1877","GGGACCACTCAAGC-1","Naive CD4 T"
"1878","GGGACCACTCGTGA-1","Naive CD4 T"
"1879","GGGACCACTGCATG-1","Naive CD4 T"
"1880","GGGACCTGACCCTC-1","CD14+ Mono"
"1881","GGGACCTGCTTGCC-1","Naive CD4 T"
"1882","GGGACCTGTGGAGG-1","B"
"1883","GGGATGGACGACAT-1","B"
"1884","GGGATGGATACTTC-1","Memory CD4 T"
"1885","GGGATGGATGGTTG-1","CD14+ Mono"
"1886","GGGATTACGTCTAG-1","Naive CD4 T"
"1887","GGGCAAGATGCATG-1","CD14+ Mono"
"1888","GGGCACACGGTGAG-1","FCGR3A+ Mono"
"1889","GGGCACACGTTGCA-1","Memory CD4 T"
"1890","GGGCAGCTTGGGAG-1","CD8 T"
"1891","GGGCAGCTTTTCTG-1","Naive CD4 T"
"1892","GGGCCAACCTTGGA-1","DC"
"1893","GGGCCAACGCGTTA-1","B"
"1894","GGGCCAACTACGCA-1","CD14+ Mono"
"1895","GGGCCAACTCCAAG-1","B"
"1896","GGGCCATGATGGTC-1","CD8 T"
"1897","GGGCCATGTTGACG-1","Memory CD4 T"
"1898","GGGTAACTCAGCTA-1","Memory CD4 T"
"1899","GGGTAACTCTAGTG-1","B"
"1900","GGGTAACTCTGGAT-1","Naive CD4 T"
"1901","GGGTTAACGTGCAT-1","NK"
"1902","GGTAAAGAGCTAAC-1","CD8 T"
"1903","GGTACAACTGCAAC-1","Memory CD4 T"
"1904","GGTACATGAAAGCA-1","B"
"1905","GGTACATGAGCTCA-1","Memory CD4 T"
"1906","GGTACATGCGGTAT-1","Naive CD4 T"
"1907","GGTACATGGTTACG-1","Memory CD4 T"
"1908","GGTACATGTGGGAG-1","Memory CD4 T"
"1909","GGTACTGAACTCTT-1","CD14+ Mono"
"1910","GGTAGTACACCACA-1","CD8 T"
"1911","GGTAGTACACTAGC-1","CD14+ Mono"
"1912","GGTAGTACCCTGTC-1","Naive CD4 T"
"1913","GGTAGTACGCCATA-1","CD14+ Mono"
"1914","GGTAGTACTGTCTT-1","Memory CD4 T"
"1915","GGTATCGAGACAAA-1","CD14+ Mono"
"1916","GGTATCGATGAACC-1","B"
"1917","GGTCAAACCAAAGA-1","Naive CD4 T"
"1918","GGTCTAGAGAAACA-1","CD14+ Mono"
"1919","GGTCTAGATAGCGT-1","CD14+ Mono"
"1920","GGTGATACCGACTA-1","B"
"1921","GGTGATACGACTAC-1","CD14+ Mono"
"1922","GGTGATACTGTTTC-1","Naive CD4 T"
"1923","GGTGGAGAAACGGG-1","NK"
"1924","GGTGGAGAAGTAGA-1","Memory CD4 T"
"1925","GGTGGAGACAGATC-1","CD8 T"
"1926","GGTGGAGATCGATG-1","Memory CD4 T"
"1927","GGTGGAGATCTCTA-1","CD14+ Mono"
"1928","GGTGGAGATTACTC-1","CD8 T"
"1929","GGTTTACTACGCAT-1","CD8 T"
"1930","GTAACGTGACCTCC-1","CD14+ Mono"
"1931","GTAACGTGATCGGT-1","B"
"1932","GTAACGTGCAGCTA-1","B"
"1933","GTAACGTGGTTGAC-1","B"
"1934","GTAAGCACAACGGG-1","Naive CD4 T"
"1935","GTAAGCACTCATTC-1","B"
"1936","GTAAGCTGGTACCA-1","CD14+ Mono"
"1937","GTAATAACCTTCTA-1","CD14+ Mono"
"1938","GTAATAACGTTGTG-1","Naive CD4 T"
"1939","GTACCCTGACAGTC-1","FCGR3A+ Mono"
"1940","GTACCCTGGAGCTT-1","Naive CD4 T"
"1941","GTACCCTGTCCTTA-1","CD8 T"
"1942","GTACCCTGTGAACC-1","Naive CD4 T"
"1943","GTACGTGAACGTTG-1","CD8 T"
"1944","GTACTTTGTCGACA-1","CD8 T"
"1945","GTAGACTGAGATGA-1","CD14+ Mono"
"1946","GTAGACTGTATTCC-1","Naive CD4 T"
"1947","GTAGCAACAGTCGT-1","CD14+ Mono"
"1948","GTAGCAACCATTTC-1","B"
"1949","GTAGCAACGGTAGG-1","CD14+ Mono"
"1950","GTAGCATGCACTCC-1","B"
"1951","GTAGCATGTAAGCC-1","CD14+ Mono"
"1952","GTAGCCCTGACGTT-1","Naive CD4 T"
"1953","GTAGCTGAAGCTAC-1","FCGR3A+ Mono"
"1954","GTAGCTGAATTCGG-1","Naive CD4 T"
"1955","GTAGGTACACGGGA-1","CD14+ Mono"
"1956","GTAGTGACCTCATT-1","Naive CD4 T"
"1957","GTAGTGTGAGCGGA-1","NK"
"1958","GTAGTGTGAGGCGA-1","CD14+ Mono"
"1959","GTAGTGTGTGGTTG-1","Naive CD4 T"
"1960","GTATCACTGGTAGG-1","CD14+ Mono"
"1961","GTATCTACAGAAGT-1","CD8 T"
"1962","GTATCTACGACGAG-1","CD8 T"
"1963","GTATCTACGTTACG-1","Memory CD4 T"
"1964","GTATTAGAAACAGA-1","Memory CD4 T"
"1965","GTATTAGAGGTCTA-1","Naive CD4 T"
"1966","GTATTCACACAGCT-1","Naive CD4 T"
"1967","GTATTCACGGGTGA-1","CD8 T"
"1968","GTCAACGACACTGA-1","Memory CD4 T"
"1969","GTCAACGAGTGTAC-1","CD14+ Mono"
"1970","GTCAATCTACACCA-1","CD8 T"
"1971","GTCAATCTGTAGCT-1","CD8 T"
"1972","GTCAATCTTGTGGT-1","Naive CD4 T"
"1973","GTCACCTGCCTCCA-1","Naive CD4 T"
"1974","GTCACCTGTCCCGT-1","Memory CD4 T"
"1975","GTCATACTAATCGC-1","B"
"1976","GTCATACTGCGATT-1","CD8 T"
"1977","GTCATACTTCGCCT-1","Platelet"
"1978","GTCATACTTTACCT-1","CD8 T"
"1979","GTCATACTTTGACG-1","Memory CD4 T"
"1980","GTCCAAGAAAAACG-1","Naive CD4 T"
"1981","GTCCACTGACCTCC-1","Naive CD4 T"
"1982","GTCCACTGGGTACT-1","FCGR3A+ Mono"
"1983","GTCCAGCTACGGGA-1","Naive CD4 T"
"1984","GTCCCATGTGGTGT-1","CD14+ Mono"
"1985","GTCGAATGAAGGCG-1","CD14+ Mono"
"1986","GTCGACCTGAATGA-1","NK"
"1987","GTCGACCTGTTCAG-1","Naive CD4 T"
"1988","GTCGCACTTGAGAA-1","B"
"1989","GTCTAACTGGTCTA-1","FCGR3A+ Mono"
"1990","GTCTAGGAGCTTCC-1","CD14+ Mono"
"1991","GTGAACACACTCTT-1","Naive CD4 T"
"1992","GTGAACACTCAGGT-1","Naive CD4 T"
"1993","GTGACCCTTAAGCC-1","Memory CD4 T"
"1994","GTGATGACAAGTGA-1","Memory CD4 T"
"1995","GTGATGACCTGAGT-1","B"
"1996","GTGATGACGGTTTG-1","CD8 T"
"1997","GTGATTCTCATTTC-1","Memory CD4 T"
"1998","GTGATTCTCTCTCG-1","CD14+ Mono"
"1999","GTGATTCTGGTTCA-1","NK"
"2000","GTGATTCTGTCGAT-1","Naive CD4 T"
"2001","GTGATTCTTAGCGT-1","B"
"2002","GTGCCACTCAGGAG-1","Naive CD4 T"
"2003","GTGGATTGCACTAG-1","FCGR3A+ Mono"
"2004","GTGGATTGCGGAGA-1","Memory CD4 T"
"2005","GTGGATTGTAACGC-1","Naive CD4 T"
"2006","GTGTACGATCAGTG-1","Naive CD4 T"
"2007","GTGTAGTGGGTACT-1","Memory CD4 T"
"2008","GTGTATCTAGCCTA-1","B"
"2009","GTGTATCTAGTAGA-1","NK"
"2010","GTGTATCTGTTACG-1","B"
"2011","GTGTCAGAAGCGTT-1","CD8 T"
"2012","GTTAAAACCGAGAG-1","NK"
"2013","GTTAAATGCTCGAA-1","Naive CD4 T"
"2014","GTTAAATGTCGACA-1","B"
"2015","GTTAACCTAGCTAC-1","Memory CD4 T"
"2016","GTTAACCTTGCTTT-1","DC"
"2017","GTTAGGTGCACTCC-1","Naive CD4 T"
"2018","GTTAGGTGCCAGTA-1","CD14+ Mono"
"2019","GTTAGGTGCCCAAA-1","FCGR3A+ Mono"
"2020","GTTAGGTGGAACTC-1","B"
"2021","GTTAGTCTAAGAAC-1","CD8 T"
"2022","GTTATAGAGGACAG-1","Naive CD4 T"
"2023","GTTATGCTTTCATC-1","Naive CD4 T"
"2024","GTTCAACTGGGACA-1","NK"
"2025","GTTCAACTTATGCG-1","Naive CD4 T"
"2026","GTTGACGAGCCCTT-1","CD8 T"
"2027","GTTGACGATATCGG-1","NK"
"2028","GTTGAGTGGTCTTT-1","CD14+ Mono"
"2029","GTTGAGTGTGCTTT-1","Memory CD4 T"
"2030","GTTGATCTGGGACA-1","Naive CD4 T"
"2031","GTTGATCTTTTCAC-1","CD8 T"
"2032","GTTGGATGTTTACC-1","FCGR3A+ Mono"
"2033","GTTGTACTATTCCT-1","CD14+ Mono"
"2034","GTTGTACTTTTGGG-1","Memory CD4 T"
"2035","GTTTAAGACCATGA-1","CD14+ Mono"
"2036","GTTTAAGACTGTCC-1","CD8 T"
"2037","TAAACAACCAACCA-1","Memory CD4 T"
"2038","TAAACAACGAATCC-1","B"
"2039","TAAAGACTCAGGAG-1","Memory CD4 T"
"2040","TAAATCGATGAGGG-1","Naive CD4 T"
"2041","TAACAATGTGCCCT-1","B"
"2042","TAACACCTTCGCTC-1","CD14+ Mono"
"2043","TAACACCTTCGTAG-1","CD14+ Mono"
"2044","TAACACCTTGTTTC-1","Platelet"
"2045","TAACATGACACTAG-1","B"
"2046","TAACCGGACTTACT-1","Naive CD4 T"
"2047","TAACGTCTCAACCA-1","CD14+ Mono"
"2048","TAACGTCTCATTGG-1","Naive CD4 T"
"2049","TAACTAGAATTTCC-1","Memory CD4 T"
"2050","TAACTAGACTTAGG-1","Memory CD4 T"
"2051","TAACTAGATCTGGA-1","Naive CD4 T"
"2052","TAACTCACGAGGAC-1","CD14+ Mono"
"2053","TAACTCACGTACAC-1","B"
"2054","TAACTCACGTATCG-1","CD14+ Mono"
"2055","TAACTCACTCTACT-1","NK"
"2056","TAAGAACTGTGTCA-1","CD14+ Mono"
"2057","TAAGAGGACTAAGC-1","B"
"2058","TAAGAGGACTTGTT-1","NK"
"2059","TAAGATACGGTTCA-1","CD14+ Mono"
"2060","TAAGATTGCGTAGT-1","Memory CD4 T"
"2061","TAAGATTGTTGCTT-1","Memory CD4 T"
"2062","TAAGCGTGAGGTTC-1","CD14+ Mono"
"2063","TAAGCGTGGACAAA-1","CD14+ Mono"
"2064","TAAGCGTGGGAAAT-1","Naive CD4 T"
"2065","TAAGCGTGTGCTCC-1","FCGR3A+ Mono"
"2066","TAAGGCTGCCATGA-1","Memory CD4 T"
"2067","TAAGGCTGCTGCTC-1","Naive CD4 T"
"2068","TAAGGCTGTCTCGC-1","CD14+ Mono"
"2069","TAAGGGCTGCTGTA-1","Memory CD4 T"
"2070","TAAGGGCTTTACTC-1","Naive CD4 T"
"2071","TAAGTAACCGAGAG-1","B"
"2072","TAAGTAACCTCCAC-1","B"
"2073","TAAGTAACCTGTAG-1","Memory CD4 T"
"2074","TAAGTAACTTGTCT-1","Memory CD4 T"
"2075","TAATGATGAGCGGA-1","Naive CD4 T"
"2076","TAATGCCTCATGAC-1","Memory CD4 T"
"2077","TAATGCCTCGTCTC-1","NK"
"2078","TAATGTGAAGATGA-1","Naive CD4 T"
"2079","TAATGTGACTGCAA-1","CD14+ Mono"
"2080","TAATGTGATTACTC-1","Memory CD4 T"
"2081","TACAAATGGGTACT-1","Memory CD4 T"
"2082","TACAATGAAAACAG-1","CD14+ Mono"
"2083","TACAATGACTTAGG-1","Memory CD4 T"
"2084","TACAATGATGCTAG-1","CD8 T"
"2085","TACACACTCACACA-1","Naive CD4 T"
"2086","TACACACTCTTACT-1","Memory CD4 T"
"2087","TACATAGAACGCAT-1","CD8 T"
"2088","TACATCACACGGGA-1","Naive CD4 T"
"2089","TACATCACCTGTTT-1","FCGR3A+ Mono"
"2090","TACATCACGCTAAC-1","B"
"2091","TACATCACTGAACC-1","FCGR3A+ Mono"
"2092","TACCATTGAGGTTC-1","Naive CD4 T"
"2093","TACCATTGCGGGAA-1","CD14+ Mono"
"2094","TACCATTGGGGATG-1","CD14+ Mono"
"2095","TACCATTGTGAGGG-1","CD14+ Mono"
"2096","TACCGGCTGTTGGT-1","Naive CD4 T"
"2097","TACGAGTGATCTCT-1","Naive CD4 T"
"2098","TACGAGTGATGCTG-1","CD14+ Mono"
"2099","TACGAGTGCGGAGA-1","Memory CD4 T"
"2100","TACGAGTGGTTGGT-1","Memory CD4 T"
"2101","TACGATCTAGTGTC-1","Naive CD4 T"
"2102","TACGATCTCACTGA-1","CD14+ Mono"
"2103","TACGATCTTACGAC-1","CD8 T"
"2104","TACGCAGAGAATCC-1","CD8 T"
"2105","TACGCCACATTCCT-1","Memory CD4 T"
"2106","TACGCCACTCCCAC-1","FCGR3A+ Mono"
"2107","TACGCCACTCCGAA-1","B"
"2108","TACGGAACGCGTTA-1","B"
"2109","TACGGCCTGGGACA-1","NK"
"2110","TACGTACTACGGAG-1","Memory CD4 T"
"2111","TACGTACTCAGTTG-1","Memory CD4 T"
"2112","TACGTACTCCCGTT-1","B"
"2113","TACGTTACAGAAGT-1","Memory CD4 T"
"2114","TACGTTACCAAGCT-1","CD14+ Mono"
"2115","TACTAAGAAAGGTA-1","B"
"2116","TACTAAGAATCACG-1","Naive CD4 T"
"2117","TACTAAGATGATGC-1","CD14+ Mono"
"2118","TACTAAGATTGCGA-1","Memory CD4 T"
"2119","TACTACACGAGAGC-1","Memory CD4 T"
"2120","TACTACACTTACCT-1","B"
"2121","TACTACTGAACCTG-1","CD14+ Mono"
"2122","TACTACTGATGTCG-1","NK"
"2123","TACTACTGATTCTC-1","Naive CD4 T"
"2124","TACTACTGTATGGC-1","Naive CD4 T"
"2125","TACTCAACGGTCTA-1","CD14+ Mono"
"2126","TACTCAACTGCTAG-1","B"
"2127","TACTCCCTCAGTTG-1","Naive CD4 T"
"2128","TACTCTGAATCGAC-1","NK"
"2129","TACTCTGACGAGTT-1","Memory CD4 T"
"2130","TACTCTGATTGACG-1","B"
"2131","TACTGGGATCGATG-1","Naive CD4 T"
"2132","TACTGTTGAAAGCA-1","Naive CD4 T"
"2133","TACTGTTGAGGCGA-1","NK"
"2134","TACTGTTGCTGAAC-1","B"
"2135","TACTTGACTCCTCG-1","CD8 T"
"2136","TACTTGACTGGTGT-1","B"
"2137","TACTTTCTTTTGGG-1","CD8 T"
"2138","TAGAAACTAATCGC-1","Naive CD4 T"
"2139","TAGAAACTGCTTCC-1","CD14+ Mono"
"2140","TAGAAACTGGGATG-1","CD8 T"
"2141","TAGAATTGCGACAT-1","Naive CD4 T"
"2142","TAGAATTGTATCGG-1","Naive CD4 T"
"2143","TAGACGTGCTTGAG-1","Naive CD4 T"
"2144","TAGACGTGTCGCTC-1","Naive CD4 T"
"2145","TAGAGCACCTTACT-1","B"
"2146","TAGATTGACTTGTT-1","B"
"2147","TAGATTGAGGCATT-1","CD8 T"
"2148","TAGCATCTCAGCTA-1","NK"
"2149","TAGCATCTCCCTCA-1","Naive CD4 T"
"2150","TAGCATCTGCTGTA-1","FCGR3A+ Mono"
"2151","TAGCATCTGGGACA-1","Naive CD4 T"
"2152","TAGCATCTTGTCGA-1","Naive CD4 T"
"2153","TAGCCCACAAAAGC-1","Memory CD4 T"
"2154","TAGCCCACAGCCAT-1","CD8 T"
"2155","TAGCCCACAGCTAC-1","NK"
"2156","TAGCCCACCCACAA-1","Naive CD4 T"
"2157","TAGCCCTGCGGAGA-1","CD8 T"
"2158","TAGCCGCTTACGAC-1","Memory CD4 T"
"2159","TAGCCGCTTACTTC-1","CD8 T"
"2160","TAGCCGCTTTCCAT-1","CD14+ Mono"
"2161","TAGCTACTGAATAG-1","B"
"2162","TAGCTACTGTAGCT-1","Memory CD4 T"
"2163","TAGCTACTTTTGCT-1","CD8 T"
"2164","TAGGACTGTGCTGA-1","Memory CD4 T"
"2165","TAGGAGCTAAGGCG-1","B"
"2166","TAGGAGCTGAGGGT-1","Naive CD4 T"
"2167","TAGGAGCTTGCATG-1","B"
"2168","TAGGCAACCGTCTC-1","B"
"2169","TAGGCATGCTCTCG-1","DC"
"2170","TAGGCATGGCGAGA-1","CD8 T"
"2171","TAGGCTGATGCCTC-1","CD14+ Mono"
"2172","TAGGGACTGAACTC-1","NK"
"2173","TAGGTCGACACTGA-1","Naive CD4 T"
"2174","TAGGTCGAGGATCT-1","B"
"2175","TAGGTGACACACTG-1","Memory CD4 T"
"2176","TAGGTGACACGTTG-1","B"
"2177","TAGGTGTGTTCTGT-1","Memory CD4 T"
"2178","TAGGTTCTGAAGGC-1","Memory CD4 T"
"2179","TAGGTTCTTCTTAC-1","FCGR3A+ Mono"
"2180","TAGGTTCTTGCTGA-1","CD14+ Mono"
"2181","TAGTAAACCTCGCT-1","Naive CD4 T"
"2182","TAGTAAACGTCACA-1","Memory CD4 T"
"2183","TAGTAATGAGATCC-1","Naive CD4 T"
"2184","TAGTACCTAAGAAC-1","CD14+ Mono"
"2185","TAGTATGATCTTAC-1","B"
"2186","TAGTATGATTCTCA-1","Memory CD4 T"
"2187","TAGTCTTGGCTGTA-1","Naive CD4 T"
"2188","TAGTCTTGGGACTT-1","Naive CD4 T"
"2189","TAGTCTTGTGGAAA-1","CD8 T"
"2190","TAGTGGTGAAGTGA-1","NK"
"2191","TAGTTAGAACCACA-1","NK"
"2192","TAGTTAGATGAACC-1","Naive CD4 T"
"2193","TATAAGACAACAGA-1","CD8 T"
"2194","TATAAGACAGCTCA-1","FCGR3A+ Mono"
"2195","TATAAGTGACACCA-1","FCGR3A+ Mono"
"2196","TATAAGTGTATCGG-1","CD14+ Mono"
"2197","TATAAGTGTGGTGT-1","FCGR3A+ Mono"
"2198","TATACAGAACCCTC-1","CD8 T"
"2199","TATACAGAAGAACA-1","Naive CD4 T"
"2200","TATACAGATCCAGA-1","Naive CD4 T"
"2201","TATACCACCTGATG-1","B"
"2202","TATACGCTACCAAC-1","Memory CD4 T"
"2203","TATAGATGGACGGA-1","Memory CD4 T"
"2204","TATAGATGTTCCGC-1","FCGR3A+ Mono"
"2205","TATCCAACCAGCTA-1","CD14+ Mono"
"2206","TATCCAACTCTCTA-1","CD8 T"
"2207","TATCGACTACTAGC-1","CD8 T"
"2208","TATCGACTCGATAC-1","FCGR3A+ Mono"
"2209","TATCGTACAGATGA-1","CD8 T"
"2210","TATCGTACATTCCT-1","CD14+ Mono"
"2211","TATCTCGAGAGATA-1","Naive CD4 T"
"2212","TATCTGACAGGTTC-1","CD8 T"
"2213","TATCTGACTGTTTC-1","Memory CD4 T"
"2214","TATCTTCTAAACAG-1","Naive CD4 T"
"2215","TATGAATGGAGGAC-1","NK"
"2216","TATGAATGTTTGCT-1","FCGR3A+ Mono"
"2217","TATGCGGATAACCG-1","Memory CD4 T"
"2218","TATGGGTGCATCAG-1","NK"
"2219","TATGGGTGCTAGCA-1","B"
"2220","TATGGTCTCTACCC-1","Naive CD4 T"
"2221","TATGTCACGGAACG-1","B"
"2222","TATGTCACTAACCG-1","CD14+ Mono"
"2223","TATGTCACTTCTCA-1","B"
"2224","TATGTGCTCCGATA-1","CD14+ Mono"
"2225","TATGTGCTGGATTC-1","Naive CD4 T"
"2226","TATTGCTGAAGAAC-1","CD14+ Mono"
"2227","TATTGCTGCCGTTC-1","B"
"2228","TATTGCTGTCTGGA-1","Naive CD4 T"
"2229","TATTGCTGTGCACA-1","CD8 T"
"2230","TATTTCCTATTGGC-1","CD14+ Mono"
"2231","TATTTCCTGGAGGT-1","NK"
"2232","TATTTCCTGGTGTT-1","Naive CD4 T"
"2233","TCAACACTGTTTGG-1","NK"
"2234","TCAAGGACAGCGTT-1","Naive CD4 T"
"2235","TCAAGGACATTCTC-1","CD8 T"
"2236","TCAAGGACGGTGTT-1","CD14+ Mono"
"2237","TCAATCACACTCTT-1","CD8 T"
"2238","TCAATCACAGTCGT-1","FCGR3A+ Mono"
"2239","TCACAACTATGTGC-1","Naive CD4 T"
"2240","TCACAACTTTGCTT-1","CD14+ Mono"
"2241","TCACATACACTTTC-1","Memory CD4 T"
"2242","TCACATACAGGGTG-1","Naive CD4 T"
"2243","TCACCCGAGACGGA-1","CD14+ Mono"
"2244","TCACCGTGCTCGCT-1","FCGR3A+ Mono"
"2245","TCACCTCTACGACT-1","CD8 T"
"2246","TCACCTCTTCCAAG-1","FCGR3A+ Mono"
"2247","TCACGAGAGGAGGT-1","B"
"2248","TCACTATGGGGCAA-1","CD8 T"
"2249","TCACTATGGTTGTG-1","B"
"2250","TCAGACGACGCTAA-1","Memory CD4 T"
"2251","TCAGACGACGTTAG-1","NK"
"2252","TCAGAGACTCCAGA-1","Naive CD4 T"
"2253","TCAGCAGACTCCAC-1","Naive CD4 T"
"2254","TCAGCGCTCTAGTG-1","CD8 T"
"2255","TCAGCGCTGGATCT-1","B"
"2256","TCAGCGCTGGTATC-1","CD8 T"
"2257","TCAGGATGAAGTAG-1","Naive CD4 T"
"2258","TCAGGATGCCTTTA-1","FCGR3A+ Mono"
"2259","TCAGTGGAAGATCC-1","CD8 T"
"2260","TCAGTTACCTACGA-1","CD14+ Mono"
"2261","TCAGTTACTAGAAG-1","Naive CD4 T"
"2262","TCATCAACCCGATA-1","Naive CD4 T"
"2263","TCATCAACTGTTCT-1","CD14+ Mono"
"2264","TCATCATGCAGTTG-1","Memory CD4 T"
"2265","TCATCCCTTACTGG-1","Memory CD4 T"
"2266","TCATTCGATACAGC-1","FCGR3A+ Mono"
"2267","TCCACGTGGAAACA-1","Memory CD4 T"
"2268","TCCACTCTACACTG-1","Memory CD4 T"
"2269","TCCACTCTGAGCTT-1","CD14+ Mono"
"2270","TCCACTCTTACTTC-1","B"
"2271","TCCATAACAAAGTG-1","Naive CD4 T"
"2272","TCCATAACCGTAGT-1","B"
"2273","TCCATAACGATGAA-1","Memory CD4 T"
"2274","TCCATAACTACGCA-1","Naive CD4 T"
"2275","TCCATCCTCCCTAC-1","CD8 T"
"2276","TCCCACGATCATTC-1","Memory CD4 T"
"2277","TCCCATCTCAAAGA-1","CD14+ Mono"
"2278","TCCCGAACACAGTC-1","NK"
"2279","TCCCGAACTTCGCC-1","FCGR3A+ Mono"
"2280","TCCCGATGAGATCC-1","Memory CD4 T"
"2281","TCCCGATGCCTGAA-1","CD14+ Mono"
"2282","TCCCTACTCAACTG-1","B"
"2283","TCCGAAGACAATCG-1","CD14+ Mono"
"2284","TCCGAAGACGTTAG-1","Naive CD4 T"
"2285","TCCGGACTGAGGTG-1","Memory CD4 T"
"2286","TCCGGACTGTACGT-1","CD8 T"
"2287","TCCTAAACATCGAC-1","Naive CD4 T"
"2288","TCCTAAACCGAGAG-1","Memory CD4 T"
"2289","TCCTAAACCGCATA-1","NK"
"2290","TCCTAATGGTTTGG-1","CD8 T"
"2291","TCCTACCTGTCGTA-1","Memory CD4 T"
"2292","TCCTATGAAAAGCA-1","CD8 T"
"2293","TCGAATCTCTGGTA-1","CD8 T"
"2294","TCGACCTGCCGATA-1","FCGR3A+ Mono"
"2295","TCGACGCTTCTATC-1","CD14+ Mono"
"2296","TCGACGCTTTGACG-1","Memory CD4 T"
"2297","TCGAGAACGACAGG-1","Memory CD4 T"
"2298","TCGAGAACGTTAGC-1","Memory CD4 T"
"2299","TCGAGCCTATCAGC-1","B"
"2300","TCGAGCCTGCGAGA-1","CD8 T"
"2301","TCGAGCCTTGTGAC-1","Naive CD4 T"
"2302","TCGATACTATTCCT-1","CD8 T"
"2303","TCGATACTTGCACA-1","Memory CD4 T"
"2304","TCGATTTGATGCCA-1","CD14+ Mono"
"2305","TCGATTTGCACTCC-1","Naive CD4 T"
"2306","TCGATTTGCAGCTA-1","NK"
"2307","TCGATTTGCCTACC-1","CD14+ Mono"
"2308","TCGATTTGTCGTGA-1","B"
"2309","TCGCAGCTAGATCC-1","CD8 T"
"2310","TCGCCATGAGACTC-1","Naive CD4 T"
"2311","TCGCCATGTGGTCA-1","B"
"2312","TCGGACCTAACAGA-1","Naive CD4 T"
"2313","TCGGACCTATAAGG-1","B"
"2314","TCGGACCTGTACAC-1","Memory CD4 T"
"2315","TCGGTAGAGTAGGG-1","Naive CD4 T"
"2316","TCGGTAGATCCCAC-1","B"
"2317","TCGTAGGATCGACA-1","Memory CD4 T"
"2318","TCGTTATGGACAAA-1","Memory CD4 T"
"2319","TCTAACACCAGTTG-1","NK"
"2320","TCTAACACGAGCAG-1","DC"
"2321","TCTAACTGAACCAC-1","Memory CD4 T"
"2322","TCTAAGCTAATGCC-1","Naive CD4 T"
"2323","TCTAAGCTTAGTCG-1","CD8 T"
"2324","TCTAAGCTTCTAGG-1","FCGR3A+ Mono"
"2325","TCTAAGCTTGTTCT-1","CD14+ Mono"
"2326","TCTAAGCTTTCGCC-1","B"
"2327","TCTACAACGACTAC-1","CD14+ Mono"
"2328","TCTAGACTTAGAAG-1","CD14+ Mono"
"2329","TCTAGTTGCACCAA-1","CD14+ Mono"
"2330","TCTATGTGAAGAGT-1","CD14+ Mono"
"2331","TCTATGTGAGTCTG-1","CD8 T"
"2332","TCTCAAACCTAAGC-1","B"
"2333","TCTCTAGAATTTCC-1","Memory CD4 T"
"2334","TCTGATACACGTGT-1","Naive CD4 T"
"2335","TCTGATACTCGCCT-1","Naive CD4 T"
"2336","TCTTACGAACCTGA-1","CD14+ Mono"
"2337","TCTTCAGAGCTACA-1","CD14+ Mono"
"2338","TCTTGATGCGGAGA-1","CD8 T"
"2339","TGAAATTGGTGAGG-1","CD14+ Mono"
"2340","TGAACCGAAAACGA-1","Naive CD4 T"
"2341","TGAACCGACTACTT-1","FCGR3A+ Mono"
"2342","TGAACCGATTCGGA-1","FCGR3A+ Mono"
"2343","TGAAGCACTCACGA-1","CD8 T"
"2344","TGAAGCTGAACGAA-1","Naive CD4 T"
"2345","TGAAGCTGCATGGT-1","B"
"2346","TGAAGCTGCGTAAC-1","Naive CD4 T"
"2347","TGAATAACCACTTT-1","Naive CD4 T"
"2348","TGAATAACTCCCAC-1","CD8 T"
"2349","TGACACGACCTTAT-1","B"
"2350","TGACCAGACAACCA-1","Naive CD4 T"
"2351","TGACCAGAGGATTC-1","Naive CD4 T"
"2352","TGACCGCTAAAAGC-1","Memory CD4 T"
"2353","TGACCGCTCTGCAA-1","Naive CD4 T"
"2354","TGACGATGCAAAGA-1","CD14+ Mono"
"2355","TGACGCCTGTACCA-1","Memory CD4 T"
"2356","TGACGCCTTTACTC-1","Memory CD4 T"
"2357","TGACTGGAAGAGAT-1","CD14+ Mono"
"2358","TGACTGGACCGTAA-1","Naive CD4 T"
"2359","TGACTGGACGCAAT-1","Naive CD4 T"
"2360","TGACTGGAGGACAG-1","B"
"2361","TGACTGGATTCTCA-1","Memory CD4 T"
"2362","TGACTTACACACCA-1","Memory CD4 T"
"2363","TGACTTACAGTCTG-1","CD14+ Mono"
"2364","TGACTTTGCGCATA-1","Naive CD4 T"
"2365","TGACTTTGTTTGTC-1","Memory CD4 T"
"2366","TGAGACACAAGGTA-1","Memory CD4 T"
"2367","TGAGACACTCAAGC-1","CD8 T"
"2368","TGAGCTGAATGCTG-1","FCGR3A+ Mono"
"2369","TGAGCTGACTGGAT-1","CD14+ Mono"
"2370","TGAGCTGATGCTAG-1","CD14+ Mono"
"2371","TGAGGACTCTCATT-1","CD14+ Mono"
"2372","TGAGGACTTCATTC-1","Memory CD4 T"
"2373","TGAGGTACGAACCT-1","FCGR3A+ Mono"
"2374","TGAGTCGAGTTACG-1","B"
"2375","TGAGTGACTGAGCT-1","Naive CD4 T"
"2376","TGATAAACGAATCC-1","Memory CD4 T"
"2377","TGATAAACTCCGTC-1","NK"
"2378","TGATAAACTTTCAC-1","Naive CD4 T"
"2379","TGATACCTCACTAG-1","CD14+ Mono"
"2380","TGATACCTGTTGGT-1","Naive CD4 T"
"2381","TGATACCTTATGCG-1","Naive CD4 T"
"2382","TGATACCTTGAAGA-1","Naive CD4 T"
"2383","TGATATGAACCTTT-1","Naive CD4 T"
"2384","TGATCACTAGCATC-1","CD8 T"
"2385","TGATCACTCTCGCT-1","Naive CD4 T"
"2386","TGATCACTTCTACT-1","B"
"2387","TGATCGGACTGACA-1","FCGR3A+ Mono"
"2388","TGATCGGAGGAGCA-1","B"
"2389","TGATCGGATATGCG-1","FCGR3A+ Mono"
"2390","TGATTAGACATTGG-1","Memory CD4 T"
"2391","TGATTAGATGACTG-1","B"
"2392","TGATTAGATGCTAG-1","Naive CD4 T"
"2393","TGATTCACTATGCG-1","Naive CD4 T"
"2394","TGATTCACTGTCAG-1","B"
"2395","TGATTCTGCCGAAT-1","Memory CD4 T"
"2396","TGATTCTGCTCTTA-1","Memory CD4 T"
"2397","TGCAAGTGAGAACA-1","Memory CD4 T"
"2398","TGCAAGTGGGTAGG-1","CD14+ Mono"
"2399","TGCAATCTTCAGGT-1","DC"
"2400","TGCACAGACGACAT-1","NK"
"2401","TGCCAAGAGCAGTT-1","FCGR3A+ Mono"
"2402","TGCCAAGATCTCTA-1","Memory CD4 T"
"2403","TGCCACTGAACGTC-1","Naive CD4 T"
"2404","TGCCACTGCGATAC-1","NK"
"2405","TGCCAGCTTGGCAT-1","Naive CD4 T"
"2406","TGCCCAACAGCAAA-1","Naive CD4 T"
"2407","TGCCCAACCGCATA-1","FCGR3A+ Mono"
"2408","TGCCGACTCTCCCA-1","B"
"2409","TGCGAAACAGTCAC-1","B"
"2410","TGCGAAACGTTGCA-1","B"
"2411","TGCGATGAACGGTT-1","Memory CD4 T"
"2412","TGCGATGACCTCGT-1","Naive CD4 T"
"2413","TGCGATGACTAGTG-1","B"
"2414","TGCGATGACTGCTC-1","B"
"2415","TGCGATGACTTGCC-1","B"
"2416","TGCGATGAGTGCTA-1","CD14+ Mono"
"2417","TGCGCACTCTTGAG-1","CD14+ Mono"
"2418","TGCGTAGAATAAGG-1","CD14+ Mono"
"2419","TGCGTAGACGGGAA-1","B"
"2420","TGCGTAGATGGTCA-1","FCGR3A+ Mono"
"2421","TGCTAGGAAACCGT-1","CD8 T"
"2422","TGCTAGGATAGTCG-1","Naive CD4 T"
"2423","TGCTATACGGTTCA-1","CD14+ Mono"
"2424","TGCTATACTGCTGA-1","CD8 T"
"2425","TGCTGAGAGAGCAG-1","NK"
"2426","TGCTGAGATTATCC-1","Naive CD4 T"
"2427","TGGAAAGACTCTCG-1","B"
"2428","TGGAAAGAGCGATT-1","Memory CD4 T"
"2429","TGGAAAGAGGTCAT-1","FCGR3A+ Mono"
"2430","TGGAAAGATATGGC-1","Naive CD4 T"
"2431","TGGAACACAAACAG-1","NK"
"2432","TGGAACACGCTAAC-1","CD8 T"
"2433","TGGAAGCTCAGATC-1","Naive CD4 T"
"2434","TGGACCCTACACTG-1","CD14+ Mono"
"2435","TGGACCCTCATGGT-1","CD8 T"
"2436","TGGACCCTGGTACT-1","CD14+ Mono"
"2437","TGGACTGAGTATGC-1","Memory CD4 T"
"2438","TGGAGACTATCAGC-1","CD14+ Mono"
"2439","TGGAGACTTCAAGC-1","Naive CD4 T"
"2440","TGGAGACTTGACCA-1","CD8 T"
"2441","TGGAGGGACGGAGA-1","CD14+ Mono"
"2442","TGGAGGGAGCTATG-1","Naive CD4 T"
"2443","TGGATCGATAAAGG-1","Naive CD4 T"
"2444","TGGATGTGACCTAG-1","B"
"2445","TGGATGTGTGAAGA-1","B"
"2446","TGGATTCTCATACG-1","CD8 T"
"2447","TGGCAATGCTTGTT-1","B"
"2448","TGGCACCTTCACGA-1","CD8 T"
"2449","TGGCACCTTCAGTG-1","CD14+ Mono"
"2450","TGGGTATGAAGAGT-1","Memory CD4 T"
"2451","TGGGTATGCACAAC-1","Memory CD4 T"
"2452","TGGGTATGGTACGT-1","B"
"2453","TGGGTATGTTTGGG-1","CD14+ Mono"
"2454","TGGTAGACATGCCA-1","Memory CD4 T"
"2455","TGGTAGACCCTCAC-1","NK"
"2456","TGGTAGACCTGATG-1","Memory CD4 T"
"2457","TGGTAGTGCACTGA-1","CD14+ Mono"
"2458","TGGTATCTAAACAG-1","Naive CD4 T"
"2459","TGGTATCTCTTCCG-1","Naive CD4 T"
"2460","TGGTCAGACCCAAA-1","Naive CD4 T"
"2461","TGGTTACTGACGTT-1","CD14+ Mono"
"2462","TGGTTACTGTTCTT-1","Naive CD4 T"
"2463","TGTAACCTAGAGGC-1","Naive CD4 T"
"2464","TGTAACCTTGCCTC-1","CD14+ Mono"
"2465","TGTAATGACACAAC-1","NK"
"2466","TGTAATGAGGTAAA-1","NK"
"2467","TGTACTTGCTCTAT-1","FCGR3A+ Mono"
"2468","TGTAGGTGCGAGAG-1","B"
"2469","TGTAGGTGCTATGG-1","Memory CD4 T"
"2470","TGTAGGTGCTCTAT-1","DC"
"2471","TGTAGGTGTGCTGA-1","Naive CD4 T"
"2472","TGTAGTCTTCCAGA-1","Naive CD4 T"
"2473","TGTAGTCTTGCACA-1","CD8 T"
"2474","TGTATCTGTTAGGC-1","Memory CD4 T"
"2475","TGTATGCTCATGGT-1","B"
"2476","TGTATGCTGTAGGG-1","Naive CD4 T"
"2477","TGTATGCTTTCATC-1","Naive CD4 T"
"2478","TGTCAGGAATACCG-1","Naive CD4 T"
"2479","TGTCAGGAGATGAA-1","FCGR3A+ Mono"
"2480","TGTCTAACCCCTTG-1","Naive CD4 T"
"2481","TGTGACGATTCTCA-1","CD8 T"
"2482","TGTGAGACTGTCAG-1","FCGR3A+ Mono"
"2483","TGTGAGACTTGAGC-1","Memory CD4 T"
"2484","TGTGAGTGACCACA-1","Naive CD4 T"
"2485","TGTGAGTGAGTGCT-1","FCGR3A+ Mono"
"2486","TGTGAGTGGAGATA-1","CD8 T"
"2487","TGTGATCTCTCTAT-1","B"
"2488","TGTGATCTGACACT-1","Naive CD4 T"
"2489","TGTGGATGGCCAAT-1","B"
"2490","TGTTAAGACAAAGA-1","CD14+ Mono"
"2491","TGTTAAGATAAGGA-1","CD14+ Mono"
"2492","TGTTACACCGCATA-1","FCGR3A+ Mono"
"2493","TGTTACACGACTAC-1","FCGR3A+ Mono"
"2494","TGTTACTGGCTACA-1","CD8 T"
"2495","TGTTACTGTAGTCG-1","CD8 T"
"2496","TTAACCACCGTAAC-1","Naive CD4 T"
"2497","TTAACCACTAAGGA-1","CD8 T"
"2498","TTAACCACTCAGAC-1","CD8 T"
"2499","TTACACACGTGTTG-1","Memory CD4 T"
"2500","TTACACACTCCTAT-1","Naive CD4 T"
"2501","TTACCATGAATCGC-1","CD14+ Mono"
"2502","TTACCATGGTTGAC-1","Memory CD4 T"
"2503","TTACCATGTGTCTT-1","CD8 T"
"2504","TTACCATGTTGTGG-1","B"
"2505","TTACGACTGAGAGC-1","Memory CD4 T"
"2506","TTACGACTTGACAC-1","CD14+ Mono"
"2507","TTACGTACGTTCAG-1","Platelet"
"2508","TTACTCGAAGAATG-1","CD14+ Mono"
"2509","TTACTCGACGCAAT-1","DC"
"2510","TTACTCGAGGGTGA-1","Naive CD4 T"
"2511","TTACTCGATCTACT-1","NK"
"2512","TTAGAATGTGGTGT-1","Naive CD4 T"
"2513","TTAGAATGTGTAGC-1","Naive CD4 T"
"2514","TTAGACCTCCTACC-1","Naive CD4 T"
"2515","TTAGACCTCCTTTA-1","CD14+ Mono"
"2516","TTAGCTACAACCGT-1","Naive CD4 T"
"2517","TTAGCTACTGTCCC-1","CD14+ Mono"
"2518","TTAGCTACTTTCGT-1","Memory CD4 T"
"2519","TTAGGGACGCGAAG-1","CD8 T"
"2520","TTAGGGTGCTGGAT-1","B"
"2521","TTAGGGTGTCCTGC-1","CD14+ Mono"
"2522","TTAGGTCTACTTTC-1","CD14+ Mono"
"2523","TTAGTCACCAGTTG-1","Memory CD4 T"
"2524","TTAGTCTGAAAGCA-1","B"
"2525","TTAGTCTGCCAACA-1","NK"
"2526","TTAGTCTGTGCACA-1","Memory CD4 T"
"2527","TTATCCGACTAGTG-1","B"
"2528","TTATCCGAGAAAGT-1","CD14+ Mono"
"2529","TTATGAGAGATAAG-1","Naive CD4 T"
"2530","TTATGCACGTCACA-1","B"
"2531","TTATGGCTTATGGC-1","DC"
"2532","TTATTCCTATGCTG-1","CD14+ Mono"
"2533","TTATTCCTGGACAG-1","B"
"2534","TTATTCCTGGTACT-1","B"
"2535","TTATTCCTTCGTGA-1","Memory CD4 T"
"2536","TTCAAAGATAAAGG-1","CD8 T"
"2537","TTCAACACAACAGA-1","Naive CD4 T"
"2538","TTCAACACCCCAAA-1","CD14+ Mono"
"2539","TTCAACACGGACGA-1","FCGR3A+ Mono"
"2540","TTCAAGCTAAGAAC-1","CD14+ Mono"
"2541","TTCAAGCTAGATGA-1","Memory CD4 T"
"2542","TTCAAGCTGTTGAC-1","Memory CD4 T"
"2543","TTCAAGCTTGATGC-1","Naive CD4 T"
"2544","TTCAAGCTTTCGCC-1","Naive CD4 T"
"2545","TTCACAACCCGTTC-1","CD14+ Mono"
"2546","TTCACAACGTCTGA-1","FCGR3A+ Mono"
"2547","TTCAGACTACCCAA-1","Naive CD4 T"
"2548","TTCAGACTCTCGAA-1","Naive CD4 T"
"2549","TTCAGTACCGACTA-1","Memory CD4 T"
"2550","TTCAGTACTCAAGC-1","Memory CD4 T"
"2551","TTCAGTACTCCTAT-1","CD14+ Mono"
"2552","TTCAGTTGCCAAGT-1","Memory CD4 T"
"2553","TTCAGTTGTCCTTA-1","DC"
"2554","TTCAGTTGTCTAGG-1","Naive CD4 T"
"2555","TTCAGTTGTCTCGC-1","B"
"2556","TTCATCGAGGTGGA-1","CD14+ Mono"
"2557","TTCATGTGTGGTGT-1","Memory CD4 T"
"2558","TTCATTCTATGTCG-1","CD14+ Mono"
"2559","TTCATTCTTCTCTA-1","Naive CD4 T"
"2560","TTCCAAACCTATGG-1","CD14+ Mono"
"2561","TTCCAAACCTCCCA-1","B"
"2562","TTCCAAACTCCCAC-1","NK"
"2563","TTCCAAACTTGACG-1","CD8 T"
"2564","TTCCATGACGAGAG-1","CD14+ Mono"
"2565","TTCCATGACTGTCC-1","Naive CD4 T"
"2566","TTCCCACTTGAGGG-1","NK"
"2567","TTCCCACTTGTCTT-1","CD14+ Mono"
"2568","TTCCTAGAAAGTGA-1","Naive CD4 T"
"2569","TTCCTAGACTAGTG-1","FCGR3A+ Mono"
"2570","TTCGAGGACTCTAT-1","Memory CD4 T"
"2571","TTCGAGGAGGGCAA-1","Memory CD4 T"
"2572","TTCGAGGATAGAAG-1","FCGR3A+ Mono"
"2573","TTCGATTGAGCATC-1","Naive CD4 T"
"2574","TTCGGAGAATGCCA-1","CD14+ Mono"
"2575","TTCGGAGATGTGCA-1","Naive CD4 T"
"2576","TTCGTATGAAAAGC-1","CD8 T"
"2577","TTCGTATGGATAGA-1","CD8 T"
"2578","TTCGTATGGTCTGA-1","Naive CD4 T"
"2579","TTCGTATGTCCTTA-1","CD14+ Mono"
"2580","TTCTACGAACGTAC-1","Naive CD4 T"
"2581","TTCTACGAGTTGGT-1","Memory CD4 T"
"2582","TTCTAGTGACACGT-1","Memory CD4 T"
"2583","TTCTAGTGCATGAC-1","CD14+ Mono"
"2584","TTCTAGTGGAGAGC-1","NK"
"2585","TTCTAGTGGTCACA-1","CD14+ Mono"
"2586","TTCTCAGAAGAGAT-1","Naive CD4 T"
"2587","TTCTCAGAAGCATC-1","B"
"2588","TTCTCAGATGGAGG-1","Memory CD4 T"
"2589","TTCTGATGGAGACG-1","NK"
"2590","TTCTTACTCTGGAT-1","FCGR3A+ Mono"
"2591","TTGAACCTCCTTGC-1","B"
"2592","TTGAATGAACTACG-1","FCGR3A+ Mono"
"2593","TTGAATGACTTACT-1","Naive CD4 T"
"2594","TTGAATGATCTCAT-1","B"
"2595","TTGACACTCTGTAG-1","Naive CD4 T"
"2596","TTGACACTGATAAG-1","B"
"2597","TTGAGGACAGAACA-1","CD14+ Mono"
"2598","TTGAGGACTACGCA-1","DC"
"2599","TTGAGGTGGACGGA-1","Naive CD4 T"
"2600","TTGCATTGAGCTAC-1","CD8 T"
"2601","TTGCATTGCTAAGC-1","CD14+ Mono"
"2602","TTGCATTGTGACTG-1","Naive CD4 T"
"2603","TTGCTAACACCAAC-1","CD8 T"
"2604","TTGCTAACACGCTA-1","FCGR3A+ Mono"
"2605","TTGCTAACCACTCC-1","Naive CD4 T"
"2606","TTGCTATGGTACGT-1","CD14+ Mono"
"2607","TTGCTATGGTAGGG-1","FCGR3A+ Mono"
"2608","TTGGAGACCAATCG-1","Memory CD4 T"
"2609","TTGGAGACGCTATG-1","CD14+ Mono"
"2610","TTGGAGACTATGGC-1","B"
"2611","TTGGGAACTGAACC-1","Naive CD4 T"
"2612","TTGGTACTACTGGT-1","CD14+ Mono"
"2613","TTGGTACTCTTAGG-1","Naive CD4 T"
"2614","TTGGTACTGAATCC-1","B"
"2615","TTGGTACTGGATTC-1","B"
"2616","TTGTACACGTTGTG-1","B"
"2617","TTGTACACTTGCAG-1","Memory CD4 T"
"2618","TTGTAGCTAGCTCA-1","Memory CD4 T"
"2619","TTGTAGCTCTCTTA-1","B"
"2620","TTGTCATGGACGGA-1","NK"
"2621","TTTAGAGATCCTCG-1","B"
"2622","TTTAGCTGATACCG-1","Naive CD4 T"
"2623","TTTAGCTGGATACC-1","CD14+ Mono"
"2624","TTTAGCTGTACTCT-1","DC"
"2625","TTTAGGCTCCTTTA-1","CD14+ Mono"
"2626","TTTATCCTGTTGTG-1","CD14+ Mono"
"2627","TTTCACGAGGTTCA-1","Naive CD4 T"
"2628","TTTCAGTGGAAGGC-1","CD8 T"
"2629","TTTCAGTGTCACGA-1","B"
"2630","TTTCAGTGTCTATC-1","CD14+ Mono"
"2631","TTTCAGTGTGCAGT-1","B"
"2632","TTTCCAGAGGTGAG-1","Memory CD4 T"
"2633","TTTCGAACACCTGA-1","DC"
"2634","TTTCGAACTCTCAT-1","CD14+ Mono"
"2635","TTTCTACTGAGGCA-1","B"
"2636","TTTCTACTTCCTCG-1","B"
"2637","TTTGCATGAGAGGC-1","B"
"2638","TTTGCATGCCTCAC-1","Naive CD4 T"
